-- MySQL dump 10.13  Distrib 5.6.31, for debian-linux-gnu (x86_64)
--
-- Host: localhost    Database: prestadores_servicos_turisticos
-- ------------------------------------------------------
-- Server version	5.6.31-0ubuntu0.14.04.2

/*!40101 SET @OLD_CHARACTER_SET_CLIENT=@@CHARACTER_SET_CLIENT */;
/*!40101 SET @OLD_CHARACTER_SET_RESULTS=@@CHARACTER_SET_RESULTS */;
/*!40101 SET @OLD_COLLATION_CONNECTION=@@COLLATION_CONNECTION */;
/*!40101 SET NAMES utf8 */;
/*!40103 SET @OLD_TIME_ZONE=@@TIME_ZONE */;
/*!40103 SET TIME_ZONE='+00:00' */;
/*!40014 SET @OLD_UNIQUE_CHECKS=@@UNIQUE_CHECKS, UNIQUE_CHECKS=0 */;
/*!40014 SET @OLD_FOREIGN_KEY_CHECKS=@@FOREIGN_KEY_CHECKS, FOREIGN_KEY_CHECKS=0 */;
/*!40101 SET @OLD_SQL_MODE=@@SQL_MODE, SQL_MODE='NO_AUTO_VALUE_ON_ZERO' */;
/*!40111 SET @OLD_SQL_NOTES=@@SQL_NOTES, SQL_NOTES=0 */;

CREATE DATABASE IF NOT EXISTS prestadores_servicos_turisticos;

USE prestadores_servicos_turisticos;

--
-- Table structure for table `CERTIFICADO`
--

DROP TABLE IF EXISTS `CERTIFICADO`;
/*!40101 SET @saved_cs_client     = @@character_set_client */;
/*!40101 SET character_set_client = utf8 */;
CREATE TABLE `CERTIFICADO` (
  `id_certif` int(3) NOT NULL DEFAULT '0',
  `cod_certif` varchar(19) NOT NULL,
  `nat_jur` varchar(34) NOT NULL,
  `atividade` varchar(11) NOT NULL,
  `porte` varchar(32) NOT NULL,
  `data_ger` varchar(10) NOT NULL,
  `data_val` varchar(10) NOT NULL,
  PRIMARY KEY (`id_certif`)
) ENGINE=InnoDB DEFAULT CHARSET=latin1;
/*!40101 SET character_set_client = @saved_cs_client */;

--
-- Dumping data for table `CERTIFICADO`
--

LOCK TABLES `CERTIFICADO` WRITE;
/*!40000 ALTER TABLE `CERTIFICADO` DISABLE KEYS */;
INSERT INTO `CERTIFICADO` VALUES (1,'09.075781.15.0001-2','Sociedade Empresária','Restaurante','Microempresa','21/12/2015','21/12/2017'),(2,'12.073588.15.0001-1','Sociedade Empresária','Restaurante','Microempresa','18/09/2015','18/09/2017'),(3,'09.076011.15.0001-4','Sociedade Empresária','Restaurante','Microempresa','07/01/2016','07/01/2018'),(4,'10.041698.15.0001-0','Sociedade Empresária','Restaurante','Microempresa','29/05/2015','29/05/2017'),(5,'16.067976.15.0001-4','Sociedade Empresária','Bar','Microempresa','05/12/2014','05/12/2016'),(6,'12.065607.15.0001-4','Empresário Individual (Não MEI)','Restaurante','Microempresa','18/08/2014','18/08/2016'),(7,'18.038152.15.0001-6','Sociedade Empresária','Restaurante','Empresa de Médio ou Grande Porte','07/08/2015','07/08/2017'),(8,'06.046655.15.0001-5','Empresário Individual (Não MEI)','Restaurante','Microempresa','18/12/2014','18/12/2016'),(9,'14.073959.15.0001-5','Empresário Individual (Não MEI)','Restaurante','Microempresa','01/10/2015','01/10/2017'),(10,'01.055187.15.0001-1','Empresário Individual (Não MEI)','Restaurante','Microempresa','06/07/2015','06/07/2017'),(11,'09.073024.15.0001-9','Sociedade Empresária','Similar','Empresa de Pequeno Porte','25/08/2015','25/08/2017'),(12,'01.036209.15.0001-8','Sociedade Empresária','Restaurante','Microempresa','17/06/2015','17/06/2017'),(13,'10.073472.15.0001-2','Empresário Individual (Não MEI)','Restaurante','Microempresa','15/09/2015','15/09/2017'),(14,'22.075456.15.0001-2','Empresa Individual (EIRELI)','Restaurante','Microempresa','04/12/2015','04/12/2017'),(15,'01.055161.15.0001-5','Sociedade Empresária','Restaurante','Microempresa','06/07/2015','06/07/2017'),(16,'01.055111.15.0001-3','Empresário Individual (Não MEI)','Restaurante','Microempresa','06/07/2015','06/07/2017'),(17,'14.071678.15.0001-5','Empresário Individual (Não MEI)','Restaurante','Microempresa','23/06/2015','23/06/2017'),(18,'13.041804.15.0001-0','Sociedade Empresária','Restaurante','Microempresa','14/09/2015','14/09/2017'),(19,'01.065683.15.0001-3','Empresário Individual (Não MEI)','Restaurante','Microempresa','22/08/2016','22/08/2018'),(20,'14.073961.15.0001-3','Sociedade Empresária','Similar','Microempresa','01/10/2015','01/10/2017'),(21,'09.076009.15.0001-6','Sociedade Empresária','Bar','Microempresa','07/01/2016','07/01/2018'),(22,'09.051920.15.0001-2','Empresário Individual (Não MEI)','Restaurante','Microempresa','21/10/2015','21/10/2017'),(23,'01.053130.15.0001-0','Empresário Individual (Não MEI)','Restaurante','Microempresa','02/06/2015','02/06/2017'),(24,'01.049481.15.0001-9','Empresário Individual (Não MEI)','Restaurante','Microempresa','29/08/2014','29/08/2016'),(25,'26.064925.15.0001-2','Empresário Individual (Não MEI)','Restaurante','Microempresa','21/07/2014','21/07/2016'),(26,'01.059943.15.0001-9','Empresário Individual (Não MEI)','Restaurante','Microempresa','16/12/2015','16/12/2017'),(27,'01.059831.15.0001-2','Empresário Individual (Não MEI)','Restaurante','Microempresa','16/12/2015','16/12/2017'),(28,'01.053181.15.0001-9','Empresa Individual (EIRELI)','Restaurante','Microempresa','30/04/2015','30/04/2017'),(29,'14.069818.15.0001-0','Sociedade Empresária','Similar','Empresa de Pequeno Porte','25/03/2015','25/03/2017'),(30,'13.070482.15.0001-0','Empresário Individual (Não MEI)','Similar','Microempresa','28/04/2015','28/04/2017'),(31,'11.048302.15.0001-6','Sociedade Empresária','Restaurante','Microempresa','08/10/2014','08/10/2016'),(32,'07.078055.15.0001-4','Sociedade Empresária','Restaurante','Microempresa','19/04/2016','19/04/2018'),(33,'12.077068.15.0001-0','Sociedade Empresária','Restaurante','Microempresa','04/03/2016','04/03/2018'),(34,'13.053827.15.0001-7','Microempreendedor Individual (MEI)','Restaurante','Mei','13/08/2015','13/08/2017'),(35,'26.077160.15.0001-5','Empresário Individual (Não MEI)','Cafeteria','Microempresa','09/03/2016','09/03/2018'),(36,'13.078945.15.0001-0','Empresa Individual (EIRELI)','Similar','Microempresa','03/06/2016','03/06/2018'),(37,'07.072980.15.0001-9','Empresa Individual (EIRELI)','Restaurante','Microempresa','21/08/2015','21/08/2017'),(38,'06.063460.15.0001-8','Empresário Individual (Não MEI)','Similar','Microempresa','19/04/2016','19/04/2018'),(39,'23.075663.15.0001-0','Sociedade Simples','Restaurante','Empresa de Pequeno Porte','15/12/2015','15/12/2017'),(40,'01.062165.15.0001-4','Microempreendedor Individual (MEI)','Restaurante','Mei','22/03/2016','22/03/2018'),(41,'09.077260.15.0001-4','Microempreendedor Individual (MEI)','Bar','Mei','15/03/2016','15/03/2018'),(42,'18.066341.15.0001-5','Empresa Individual (EIRELI)','Restaurante','Microempresa','19/09/2014','19/09/2016'),(43,'09.065102.15.0001-2','Empresário Individual (Não MEI)','Restaurante','Microempresa','28/07/2014','28/07/2016'),(44,'08.037782.15.0001-2','Sociedade Empresária','Restaurante','Microempresa','14/11/2014','14/11/2016'),(45,'23.075850.15.0001-2','Empresário Individual (Não MEI)','Restaurante','Microempresa','23/12/2015','23/12/2017'),(46,'26.070575.15.0001-8','Empresário Individual (Não MEI)','Restaurante','Microempresa','30/04/2015','30/04/2017'),(47,'09.038059.15.0001-2','Sociedade Empresária','Bar','Microempresa','11/11/2015','11/11/2017'),(48,'01.035482.15.0001-4','Sociedade Empresária','Restaurante','Microempresa','25/09/2014','25/09/2016'),(49,'10.074139.15.0001-6','Empresário Individual (Não MEI)','Restaurante','Microempresa','07/10/2015','07/10/2017'),(50,'26.068312.15.0006-6','Sociedade Empresária','Bar','Empresa de Pequeno Porte','16/03/2015','16/03/2017'),(51,'18.041165.15.0001-6','Sociedade Empresária','Restaurante','Microempresa','24/07/2014','24/07/2016'),(52,'18.041166.15.0002-0','Sociedade Empresária','Restaurante','Microempresa','29/07/2014','29/07/2016'),(53,'18.065017.15.0001-9','Empresa Individual (EIRELI)','Restaurante','Microempresa','24/07/2014','24/07/2016'),(54,'13.077257.15.0001-9','Empresa Individual (EIRELI)','Restaurante','Microempresa','14/03/2016','14/03/2018'),(55,'12.072344.15.0001-1','Empresário Individual (Não MEI)','Restaurante','Microempresa','23/07/2015','23/07/2017'),(56,'12.065149.15.0001-7','Sociedade Empresária','Restaurante','Microempresa','22/07/2015','22/07/2017'),(57,'02.058670.15.0001-7','Empresário Individual (Não MEI)','Restaurante','Microempresa','06/01/2016','06/01/2018'),(58,'12.054739.15.0001-5','Empresário Individual (Não MEI)','Restaurante','Microempresa','27/11/2014','27/11/2016'),(59,'20.075968.15.0001-7','Microempreendedor Individual (MEI)','Restaurante','Mei','05/01/2016','05/01/2018'),(60,'09.055545.15.0001-8','Sociedade Empresária','Restaurante','Microempresa','17/11/2015','17/11/2017'),(61,'03.049982.15.0001-7','Sociedade Simples','Restaurante','Microempresa','03/08/2015','03/08/2017'),(62,'06.070237.15.0001-9','Empresário Individual (Não MEI)','Restaurante','Microempresa','14/04/2015','14/04/2017'),(63,'12.073716.15.0001-3','Empresário Individual (Não MEI)','Similar','Microempresa','23/09/2015','23/09/2017'),(64,'09.076724.15.0001-0','Empresário Individual (Não MEI)','Restaurante','Microempresa','18/02/2016','18/02/2018'),(65,'06.034139.15.0001-1','Empresário Individual (Não MEI)','Restaurante','Microempresa','04/11/2014','04/11/2016'),(66,'26.068440.15.0001-0','Empresário Individual (Não MEI)','Similar','Microempresa','07/01/2015','07/01/2017'),(67,'09.074886.15.0001-0','Empresário Individual (Não MEI)','Similar','Microempresa','13/11/2015','13/11/2017'),(68,'12.073196.15.0001-1','Empresário Individual (Não MEI)','Restaurante','Microempresa','01/09/2015','01/09/2017'),(69,'15.056586.15.0001-9','Empresário Individual (Não MEI)','Bar','Microempresa','30/12/2015','30/12/2017'),(70,'13.064970.15.0001-1','Empresário Individual (Não MEI)','Restaurante','Microempresa','22/07/2014','22/07/2016'),(71,'26.078257.15.0001-0','Empresário Individual (Não MEI)','Cafeteria','Microempresa','29/04/2016','29/04/2018'),(72,'14.065785.15.0001-0','Sociedade Empresária','Restaurante','Empresa de Pequeno Porte','26/08/2014','26/08/2016'),(73,'09.074655.15.0001-2','Sociedade Empresária','Restaurante','Microempresa','28/10/2015','28/10/2017'),(74,'13.052092.15.0001-7','Sociedade Empresária','Restaurante','Microempresa','06/04/2015','06/04/2017'),(75,'09.036294.15.0001-3','Sociedade Empresária','Restaurante','Microempresa','30/03/2015','30/03/2017'),(76,'13.069141.15.0001-9','Sociedade Empresária','Cafeteria','Microempresa','12/02/2015','12/02/2017'),(77,'12.055075.15.0001-8','Sociedade Empresária','Similar','Microempresa','06/07/2015','06/07/2017'),(78,'13.071362.15.0001-7','Sociedade Empresária','Restaurante','Microempresa','09/06/2015','09/06/2017'),(79,'08.067021.15.0001-0','Sociedade Empresária','Similar','Microempresa','21/10/2014','21/10/2016'),(80,'09.065388.15.0001-8','Sociedade Empresária','Restaurante','Microempresa','08/08/2014','08/08/2016'),(81,'14.071686.15.0001-7','Empresário Individual (Não MEI)','Bar','Microempresa','23/06/2015','23/06/2017'),(82,'19.071687.15.0001-3','Sociedade Empresária','Restaurante','Microempresa','23/06/2015','23/06/2017'),(83,'11.069929.15.0001-4','Sociedade Empresária','Restaurante','Microempresa','30/03/2015','30/03/2017'),(84,'07.041394.15.0001-6','Sociedade Empresária','Restaurante','Microempresa','19/08/2015','19/08/2017'),(85,'07.045323.15.0001-2','Sociedade Empresária','Restaurante','Microempresa','19/08/2015','19/08/2017'),(86,'09.040732.15.0001-4','Sociedade Empresária','Restaurante','Microempresa','12/11/2015','12/11/2017'),(87,'07.067658.15.0001-0','Sociedade Empresária','Restaurante','Empresa de Pequeno Porte','20/11/2014','20/11/2016'),(88,'09.079304.15.0001-0','Sociedade Empresária','Similar','Microempresa','20/06/2016','20/06/2018'),(89,'05.067920.15.0001-6','Microempreendedor Individual (MEI)','Similar','Mei','03/12/2014','03/12/2016'),(90,'13.072782.15.0001-6','Microempreendedor Individual (MEI)','Restaurante','Mei','13/08/2015','13/08/2017'),(91,'14.071690.15.0001-0','Empresário Individual (Não MEI)','Restaurante','Microempresa','23/06/2015','23/06/2017'),(92,'05.037014.15.0001-9','Sociedade Empresária','Restaurante','Microempresa','22/10/2014','22/10/2016'),(93,'20.075971.15.0001-2','Microempreendedor Individual (MEI)','Restaurante','Mei','05/01/2016','05/01/2018'),(94,'15.044802.15.0001-2','Empresário Individual (Não MEI)','Restaurante','Empresa de Pequeno Porte','30/12/2014','30/12/2016'),(95,'13.067022.15.0001-9','Empresa Individual (EIRELI)','Restaurante','Microempresa','21/10/2014','21/10/2016'),(96,'15.078896.15.0001-8','Sociedade Empresária','Restaurante','Microempresa','01/06/2016','01/06/2018'),(97,'13.070566.15.0001-2','Empresário Individual (Não MEI)','Restaurante','Empresa de Pequeno Porte','29/04/2015','29/04/2017'),(98,'12.075210.15.0001-1','Empresário Individual (Não MEI)','Similar','Microempresa','24/11/2015','24/11/2017'),(99,'09.048988.15.0001-7','Empresário Individual (Não MEI)','Restaurante','Microempresa','22/09/2015','22/09/2017'),(100,'12.040932.15.0001-3','Sociedade Empresária','Similar','Microempresa','27/03/2015','27/03/2017'),(101,'12.079465.15.0001-9','Empresário Individual (Não MEI)','Restaurante','Microempresa','28/06/2016','28/06/2018'),(102,'08.039252.15.0001-5','Empresário Individual (Não MEI)','Restaurante','Microempresa','10/02/2015','10/02/2017'),(103,'14.067823.15.0001-1','Empresa Individual (EIRELI)','Restaurante','Microempresa','28/11/2014','28/11/2016'),(104,'09.075692.15.0001-0','Sociedade Empresária','Restaurante','Microempresa','15/12/2015','15/12/2017'),(105,'01.055181.15.0001-8','Microempreendedor Individual (MEI)','Restaurante','Mei','06/07/2015','06/07/2017'),(106,'15.052796.15.0001-8','Empresário Individual (Não MEI)','Restaurante','Microempresa','10/11/2015','10/11/2017'),(107,'11.043403.15.0001-6','Sociedade Empresária','Restaurante','Microempresa','02/03/2015','02/03/2017'),(108,'24.072114.15.0001-6','Empresário Individual (Não MEI)','Restaurante','Microempresa','13/07/2015','13/07/2017'),(109,'09.071952.15.0001-3','Empresário Individual (Não MEI)','Similar','Empresa de Pequeno Porte','06/07/2015','06/07/2017'),(110,'11.077331.15.0001-4','Empresário Individual (Não MEI)','Restaurante','Microempresa','16/03/2016','16/03/2018'),(111,'07.067041.15.0001-0','Microempreendedor Individual (MEI)','Similar','Mei','22/10/2014','22/10/2016'),(112,'13.073769.15.0001-9','Empresário Individual (Não MEI)','Restaurante','Empresa de Pequeno Porte','25/09/2015','25/09/2017'),(113,'13.066726.15.0001-1','Empresa Individual (EIRELI)','Similar','Empresa de Pequeno Porte','08/10/2014','08/10/2016'),(114,'14.074521.15.0001-0','Microempreendedor Individual (MEI)','Restaurante','Mei','23/10/2015','23/10/2017'),(115,'19.040131.15.0001-5','Sociedade Empresária','Restaurante','Microempresa','29/10/2014','29/10/2016'),(116,'07.072179.15.0001-4','Sociedade Empresária','Restaurante','Microempresa','15/07/2015','15/07/2017'),(117,'08.036918.15.0001-8','Sociedade Empresária','Restaurante','Microempresa','26/11/2014','26/11/2016'),(118,'09.040735.15.0001-6','Sociedade Empresária','Restaurante','Microempresa','07/07/2014','07/07/2016'),(119,'02.031131.15.0001-2','Sociedade Empresária','Restaurante','Empresa de Pequeno Porte','30/05/2016','30/05/2018'),(120,'13.043118.15.0001-6','Empresário Individual (Não MEI)','Restaurante','Microempresa','03/07/2014','03/07/2016'),(121,'12.073359.15.0001-9','Sociedade Empresária','Restaurante','Microempresa','09/09/2015','09/09/2017'),(122,'09.073575.15.0001-5','Sociedade Empresária','Similar','Empresa de Pequeno Porte','17/09/2015','17/09/2017'),(123,'15.054626.15.0001-7','Sociedade Empresária','Restaurante','Microempresa','11/11/2015','11/11/2017'),(124,'12.072877.15.0001-0','Sociedade Empresária','Restaurante','Microempresa','18/08/2015','18/08/2017'),(125,'07.044632.15.0001-3','Sociedade Empresária','Restaurante','Microempresa','18/12/2014','18/12/2016'),(126,'19.074366.15.0001-0','Sociedade Empresária','Restaurante','Microempresa','16/10/2015','16/10/2017'),(127,'13.073902.15.0001-0','Microempreendedor Individual (MEI)','Restaurante','Mei','29/09/2015','29/09/2017'),(128,'09.077027.15.0001-9','Empresa Individual (EIRELI)','Restaurante','Microempresa','03/03/2016','03/03/2018'),(129,'27.076972.15.0001-7','Microempreendedor Individual (MEI)','Restaurante','Mei','01/03/2016','01/03/2018'),(130,'13.077547.15.0001-9','Empresário Individual (Não MEI)','Restaurante','Empresa de Pequeno Porte','24/03/2016','24/03/2018'),(131,'09.065769.15.0001-4','Sociedade Empresária','Restaurante','Microempresa','25/08/2014','25/08/2016'),(132,'09.050931.15.0001-1','Sociedade Empresária','Restaurante','Microempresa','08/10/2015','08/10/2017'),(133,'02.048528.15.0001-4','Sociedade Empresária','Restaurante','Microempresa','25/08/2014','25/08/2016'),(134,'08.064609.15.0001-4','Sociedade Empresária','Restaurante','Microempresa','07/07/2014','07/07/2016'),(135,'26.077949.15.0001-1','Empresário Individual (Não MEI)','Restaurante','Microempresa','14/04/2016','14/04/2018'),(136,'01.061186.15.0001-0','Empresário Individual (Não MEI)','Restaurante','Microempresa','22/02/2016','22/02/2018'),(137,'13.070473.15.0001-1','Sociedade Empresária','Restaurante','Microempresa','27/04/2015','27/04/2017'),(138,'13.067644.15.0001-9','Sociedade Empresária','Restaurante','Microempresa','19/11/2014','19/11/2016'),(139,'13.070898.15.0001-2','Empresário Individual (Não MEI)','Restaurante','Microempresa','20/05/2015','20/05/2017'),(140,'22.065471.15.0001-5','Empresa Individual (EIRELI)','Restaurante','Microempresa','12/08/2014','12/08/2016'),(141,'07.068336.15.0001-1','Sociedade Empresária','Restaurante','Microempresa','23/12/2014','23/12/2016'),(142,'09.072704.15.0001-0','Sociedade Empresária','Restaurante','Microempresa','10/08/2015','10/08/2017'),(143,'11.079168.15.0001-2','Sociedade Empresária','Bar','Microempresa','14/06/2016','14/06/2018'),(144,'11.043898.15.0001-1','Sociedade Empresária','Restaurante','Microempresa','15/12/2014','15/12/2016'),(145,'11.072871.15.0001-4','Sociedade Empresária','Restaurante','Microempresa','18/08/2015','18/08/2017'),(146,'08.066396.15.0001-2','Sociedade Empresária','Restaurante','Microempresa','22/09/2014','22/09/2016'),(147,'11.065523.15.0001-0','Sociedade Empresária','Bar','Microempresa','14/08/2014','14/08/2016'),(148,'11.077316.15.0001-8','Sociedade Empresária','Restaurante','Microempresa','16/03/2016','16/03/2018'),(149,'08.036037.15.0001-4','Sociedade Empresária','Bar','Empresa de Pequeno Porte','31/07/2015','31/07/2017'),(150,'08.036038.15.0001-1','Sociedade Empresária','Bar','Empresa de Pequeno Porte','30/07/2015','30/07/2017'),(151,'07.066739.15.0001-6','Sociedade Empresária','Restaurante','Microempresa','08/10/2014','08/10/2016'),(152,'03.037147.15.0001-1','Sociedade Empresária','Restaurante','Empresa de Pequeno Porte','06/08/2015','06/08/2017'),(153,'26.048396.15.0001-2','Sociedade Empresária','Restaurante','Microempresa','30/05/2016','30/05/2018'),(154,'13.066493.15.0001-8','Sociedade Empresária','Bar','Microempresa','26/09/2014','26/09/2016'),(155,'19.068369.15.0001-7','Sociedade Empresária','Restaurante','Empresa de Pequeno Porte','29/12/2014','29/12/2016'),(156,'11.078339.15.0001-7','Sociedade Empresária','Restaurante','Microempresa','04/05/2016','04/05/2018'),(157,'08.036035.15.0001-0','Sociedade Empresária','Bar','Microempresa','30/07/2015','30/07/2017'),(158,'08.036036.15.0002-4','Sociedade Empresária','Bar','Empresa de Pequeno Porte','08/06/2016','08/06/2018'),(159,'07.068796.15.0001-1','Sociedade Empresária','Restaurante','Microempresa','27/01/2015','27/01/2017'),(160,'26.077601.15.0001-1','Empresa Individual (EIRELI)','Bar','Empresa de Pequeno Porte','29/03/2016','29/03/2018'),(161,'26.059608.15.0001-4','Sociedade Empresária','Restaurante','Empresa de Pequeno Porte','18/12/2015','18/12/2017'),(162,'09.075724.15.0001-6','Sociedade Empresária','Restaurante','Microempresa','16/12/2015','16/12/2017'),(163,'15.030279.15.0001-3','Sociedade Empresária','Restaurante','Microempresa','31/03/2016','31/03/2018'),(164,'09.044412.15.0001-3','Sociedade Empresária','Bar','Microempresa','22/09/2014','22/09/2016'),(165,'09.066700.15.0001-5','Sociedade Empresária','Similar','Microempresa','07/10/2014','07/10/2016'),(166,'13.065109.15.0001-3','Sociedade Empresária','Restaurante','Microempresa','28/07/2014','28/07/2016'),(167,'12.065249.15.0001-2','Empresário Individual (Não MEI)','Restaurante','Microempresa','04/08/2014','04/08/2016'),(168,'13.070043.15.0001-0','Sociedade Empresária','Similar','Empresa de Pequeno Porte','02/04/2015','02/04/2017'),(169,'12.048800.15.0001-0','Sociedade Empresária','Restaurante','Microempresa','29/09/2014','29/09/2016'),(170,'13.073730.15.0001-4','Empresário Individual (Não MEI)','Bar','Microempresa','23/09/2015','23/09/2017'),(171,'21.058777.15.0001-3','Sociedade Empresária','Bar','Empresa de Médio ou Grande Porte','25/08/2014','25/08/2016'),(172,'23.076993.15.0001-0','Empresa Individual (EIRELI)','Restaurante','Microempresa','02/03/2016','02/03/2018'),(173,'12.073451.15.0001-6','Sociedade Empresária','Restaurante','Microempresa','14/09/2015','14/09/2017'),(174,'15.058539.15.0001-8','Sociedade Empresária','Restaurante','Microempresa','30/12/2015','30/12/2017'),(175,'19.036114.15.0001-8','Sociedade Empresária','Restaurante','Microempresa','01/09/2014','01/09/2016'),(176,'08.077755.15.0001-0','Sociedade Empresária','Cafeteria','Microempresa','05/04/2016','05/04/2018'),(177,'04.073517.15.0001-2','Sociedade Empresária','Restaurante','Microempresa','16/09/2015','16/09/2017'),(178,'09.000832.15.0032-7','Sociedade Empresária','Restaurante','Empresa de Pequeno Porte','23/10/2015','23/10/2017'),(179,'11.078431.15.0001-4','Sociedade Empresária','Restaurante','Microempresa','09/05/2016','09/05/2018'),(180,'09.075660.15.0001-7','Sociedade Empresária','Restaurante','Microempresa','14/12/2015','14/12/2017'),(181,'12.073120.15.0001-3','Sociedade Empresária','Restaurante','Microempresa','28/08/2015','28/08/2017'),(182,'14.036632.15.0001-4','Sociedade Empresária','Restaurante','Empresa de Pequeno Porte','22/06/2015','22/06/2017'),(183,'12.075135.15.0001-5','Sociedade Empresária','Similar','Microempresa','19/11/2015','19/11/2017'),(184,'20.075974.15.0001-4','Sociedade Empresária','Restaurante','Microempresa','05/01/2016','05/01/2018'),(185,'26.074319.15.0001-6','Sociedade Empresária','Restaurante','Microempresa','15/10/2015','15/10/2017'),(186,'08.036923.15.0001-8','Sociedade Empresária','Restaurante','Microempresa','26/11/2014','26/11/2016'),(187,'13.072352.15.0001-5','Sociedade Empresária','Cafeteria','Microempresa','23/07/2015','23/07/2017'),(188,'07.071623.15.0001-1','Empresa Individual (EIRELI)','Similar','Microempresa','19/06/2015','19/06/2017'),(189,'26.060579.15.0001-3','Sociedade Empresária','Restaurante','Empresa de Pequeno Porte','24/06/2016','24/06/2018'),(190,'12.065198.15.0001-1','Empresário Individual (Não MEI)','Restaurante','Microempresa','01/08/2014','01/08/2016'),(191,'19.067729.15.0001-9','Sociedade Empresária','Restaurante','Empresa de Médio ou Grande Porte','24/11/2014','24/11/2016'),(192,'20.075966.15.0001-2','Sociedade Empresária','Restaurante','Microempresa','05/01/2016','05/01/2018'),(193,'11.066935.15.0001-8','Sociedade Empresária','Restaurante','Microempresa','16/10/2014','16/10/2016'),(194,'14.075823.15.0001-6','Sociedade Empresária','Restaurante','Microempresa','22/12/2015','22/12/2017'),(195,'26.037674.15.0001-3','Sociedade Empresária','Restaurante','Empresa de Pequeno Porte','24/04/2015','24/04/2017'),(196,'05.074217.15.0001-2','Empresário Individual (Não MEI)','Restaurante','Microempresa','09/10/2015','09/10/2017'),(197,'09.074862.15.0001-8','Sociedade Empresária','Restaurante','Microempresa','09/11/2015','09/11/2017'),(198,'15.069922.15.0001-0','Empresa Individual (EIRELI)','Restaurante','Microempresa','30/03/2015','30/03/2017'),(199,'26.044359.15.0001-0','Sociedade Empresária','Restaurante','Microempresa','09/06/2016','09/06/2018'),(200,'14.073805.15.0001-9','Microempreendedor Individual (MEI)','Restaurante','Mei','28/09/2015','28/09/2017'),(201,'09.064905.15.0001-3','Sociedade Empresária','Restaurante','Microempresa','18/07/2014','18/07/2016'),(202,'09.040734.15.0001-9','Sociedade Empresária','Restaurante','Microempresa','07/07/2014','07/07/2016'),(203,'23.066176.15.0001-1','Sociedade Simples','Similar','Empresa de Médio ou Grande Porte','12/09/2014','12/09/2016'),(204,'12.071791.15.0001-9','Sociedade Empresária','Restaurante','Microempresa','26/06/2015','26/06/2017'),(205,'16.041836.15.0001-9','Sociedade Empresária','Restaurante','Microempresa','15/01/2015','15/01/2017'),(206,'16.067841.15.0001-3','Sociedade Empresária','Restaurante','Microempresa','28/11/2014','28/11/2016'),(207,'13.073444.15.0001-3','Empresário Individual (Não MEI)','Restaurante','Microempresa','11/09/2015','11/09/2017'),(208,'14.066658.15.0002-9','Empresário Individual (Não MEI)','Restaurante','Microempresa','06/10/2014','06/10/2016'),(209,'10.063922.15.0002-1','Empresa Individual (EIRELI)','Similar','Empresa de Pequeno Porte','15/09/2015','15/09/2017'),(210,'12.065122.15.0001-3','Sociedade Empresária','Restaurante','Empresa de Pequeno Porte','23/07/2015','23/07/2017'),(211,'01.037035.15.0001-1','Empresário Individual (Não MEI)','Restaurante','Microempresa','10/11/2014','10/11/2016'),(212,'02.073156.15.0001-5','Empresário Individual (Não MEI)','Restaurante','Microempresa','31/08/2015','31/08/2017'),(213,'12.073941.15.0001-7','Empresário Individual (Não MEI)','Restaurante','Microempresa','30/09/2015','30/09/2017'),(214,'07.046721.15.0001-4','Sociedade Empresária','Restaurante','Microempresa','24/07/2014','24/07/2016'),(215,'08.064652.15.0001-5','Microempreendedor Individual (MEI)','Restaurante','Mei','09/07/2014','09/07/2016'),(216,'08.064609.15.0001-4','Microempreendedor Individual (MEI)','Cafeteria','Mei','07/07/2014','07/07/2016'),(217,'26.065286.15.0001-4','Sociedade Empresária','Bar','Microempresa','05/08/2014','05/08/2016'),(218,'10.077649.15.0001-3','Empresário Individual (Não MEI)','Restaurante','Microempresa','30/03/2016','30/03/2018'),(219,'09.074402.15.0001-8','Sociedade Empresária','Restaurante','Microempresa','19/10/2015','19/10/2017'),(220,'24.073609.15.0001-8','Sociedade Empresária','Similar','Microempresa','18/09/2015','18/09/2017'),(221,'19.036373.15.0001-0','Sociedade Empresária','Bar','Microempresa','22/12/2015','22/12/2017'),(222,'07.036746.15.0001-0','Sociedade Empresária','Restaurante','Empresa de Pequeno Porte','24/11/2014','24/11/2016'),(223,'23.039364.15.0001-4','Sociedade Empresária','Cafeteria','Microempresa','25/09/2015','25/09/2017'),(224,'08.038059.15.0001-0','Sociedade Empresária','Restaurante','Microempresa','05/11/2014','05/11/2016'),(225,'07.076108.15.0001-0','Sociedade Empresária','Cafeteria','Microempresa','13/01/2016','13/01/2018'),(226,'07.047955.15.0001-8','Sociedade Empresária','Similar','Empresa de Pequeno Porte','05/02/2016','05/02/2018'),(227,'07.067659.15.0001-8','Sociedade Empresária','Cafeteria','Microempresa','20/11/2014','20/11/2016'),(228,'09.030457.15.0002-0','Sociedade Empresária','Restaurante','Microempresa','06/06/2016','06/06/2018'),(229,'09.074889.15.0001-1','Sociedade Empresária','Restaurante','Empresa de Pequeno Porte','13/11/2015','13/11/2017'),(230,'09.069784.15.0001-9','Empresa Individual (EIRELI)','Bar','Microempresa','23/03/2015','23/03/2017'),(231,'12.068138.15.0001-7','Empresário Individual (Não MEI)','Restaurante','Microempresa','15/12/2014','15/12/2016'),(232,'08.066415.15.0001-0','Empresário Individual (Não MEI)','Restaurante','Microempresa','23/09/2014','23/09/2016'),(233,'13.072435.15.0001-0','Empresário Individual (Não MEI)','Restaurante','Microempresa','28/07/2015','28/07/2017'),(234,'26.043823.15.0001-0','Sociedade Empresária','Restaurante','Microempresa','04/03/2016','04/03/2018'),(235,'14.078989.15.0001-7','Empresário Individual (Não MEI)','Similar','Empresa de Pequeno Porte','07/06/2016','07/06/2018'),(236,'07.036050.15.0001-4','Sociedade Empresária','Restaurante','Microempresa','14/07/2015','14/07/2017'),(237,'07.075708.15.0001-9','Sociedade Empresária','Similar','Microempresa','16/12/2015','16/12/2017'),(238,'09.046062.15.0001-2','Empresa Individual (EIRELI)','Restaurante','Microempresa','30/08/2016','30/08/2018'),(239,'08.069577.15.0001-1','Empresa Individual (EIRELI)','Similar','Microempresa','11/03/2015','11/03/2017'),(240,'15.036797.15.0001-6','Sociedade Empresária','Restaurante','Microempresa','30/12/2015','30/12/2017'),(241,'20.061283.15.0001-3','Sociedade Empresária','Restaurante','Microempresa','16/03/2016','16/03/2018'),(242,'08.052871.15.0001-9','Sociedade Empresária','Restaurante','Microempresa','21/10/2015','21/10/2017'),(243,'12.068773.15.0001-9','Sociedade Empresária','Restaurante','Microempresa','27/01/2015','27/01/2017'),(244,'11.077853.15.0001-9','Sociedade Empresária','Restaurante','Microempresa','11/04/2016','11/04/2018'),(245,'14.065060.15.0001-2','Microempreendedor Individual (MEI)','Restaurante','Mei','25/06/2015','25/06/2017'),(246,'12.074554.15.0001-8','Empresário Individual (Não MEI)','Similar','Microempresa','26/10/2015','26/10/2017'),(247,'23.031777.15.0001-8','Sociedade Empresária','Similar','Microempresa','30/07/2014','30/07/2016'),(248,'16.053241.15.0001-9','Sociedade Empresária','Restaurante','Microempresa','30/09/2015','30/09/2017'),(249,'26.070860.15.0001-1','Microempreendedor Individual (MEI)','Cafeteria','Mei','15/05/2015','15/05/2017'),(250,'23.069656.15.0001-0','Empresário Individual (Não MEI)','Cafeteria','Microempresa','17/03/2015','17/03/2017'),(251,'01.037232.15.0001-0','Sociedade Empresária','Bar','Microempresa','19/11/2014','19/11/2016'),(252,'07.075306.15.0001-2','Sociedade Empresária','Restaurante','Microempresa','27/11/2015','27/11/2017'),(253,'07.067162.15.0001-6','Sociedade Empresária','Restaurante','Microempresa','29/10/2014','29/10/2016'),(254,'09.074887.15.0001-7','Sociedade Empresária','Restaurante','Empresa de Pequeno Porte','13/11/2015','13/11/2017'),(255,'09.075265.15.0001-1','Sociedade Empresária','Restaurante','Microempresa','26/11/2015','26/11/2017'),(256,'09.075905.15.0001-1','Sociedade Empresária','Similar','Microempresa','30/12/2015','30/12/2017'),(257,'07.066702.15.0001-6','Sociedade Empresária','Restaurante','Empresa de Pequeno Porte','07/10/2014','07/10/2016'),(258,'12.068808.15.0001-6','Sociedade Empresária','Restaurante','Microempresa','28/01/2015','28/01/2017'),(259,'09.070113.15.0001-7','Sociedade Empresária','Restaurante','Empresa de Pequeno Porte','08/04/2015','08/04/2017'),(260,'05.034924.15.0002-8','Sociedade Empresária','Restaurante','Microempresa','23/09/2015','23/09/2017'),(261,'08.068081.15.0001-2','Empresário Individual (Não MEI)','Bar','Microempresa','11/12/2014','11/12/2016'),(262,'15.030654.15.0001-6','Sociedade Empresária','Restaurante','Microempresa','30/12/2014','30/12/2016'),(263,'03.036022.15.0001-2','Sociedade Empresária','Restaurante','Microempresa','27/04/2016','27/04/2018'),(264,'08.032360.15.0001-0','Sociedade Empresária','Cafeteria','Microempresa','25/02/2016','25/02/2018'),(265,'14.036412.15.0001-0','Sociedade Empresária','Restaurante','Microempresa','22/06/2015','22/06/2017'),(266,'01.055120.15.0001-2','Microempreendedor Individual (MEI)','Similar','Mei','06/07/2015','06/07/2017'),(267,'09.076741.15.0001-1','Empresário Individual (Não MEI)','Restaurante','Microempresa','19/02/2016','19/02/2018'),(268,'12.051574.15.0001-0','Sociedade Empresária','Bar','Microempresa','05/11/2015','05/11/2017'),(269,'18.079012.15.0001-4','Sociedade Empresária','Restaurante','Microempresa','07/06/2016','07/06/2018'),(270,'02.030650.15.0001-0','Sociedade Empresária','Restaurante','Microempresa','26/07/2016','26/07/2018'),(271,'17.054830.15.0001-4','Empresário Individual (Não MEI)','Restaurante','Empresa de Pequeno Porte','11/02/2016','11/02/2018'),(272,'14.077772.15.0001-4','Microempreendedor Individual (MEI)','Similar','Mei','06/04/2016','06/04/2018'),(273,'09.051039.15.0001-5','Sociedade Empresária','Cafeteria','Microempresa','29/09/2015','29/09/2017'),(274,'11.078430.15.0001-7','Empresa Individual (EIRELI)','Restaurante','Microempresa','09/05/2016','09/05/2018'),(275,'12.068103.15.0001-1','Sociedade Empresária','Restaurante','Microempresa','12/12/2014','12/12/2016'),(276,'13.074767.15.0001-9','Empresário Individual (Não MEI)','Similar','Empresa de Pequeno Porte','04/11/2015','04/11/2017'),(277,'26.071103.15.0001-1','Sociedade Empresária','Restaurante','Microempresa','27/05/2015','27/05/2017'),(278,'13.044864.15.0001-1','Sociedade Empresária','Restaurante','Empresa de Pequeno Porte','09/10/2014','09/10/2016'),(279,'13.044858.15.0001-4','Sociedade Empresária','Restaurante','Microempresa','11/09/2015','11/09/2017'),(280,'09.074894.15.0001-1','Sociedade Empresária','Similar','Empresa de Pequeno Porte','13/11/2015','13/11/2017'),(281,'08.074725.15.0001-7','Sociedade Empresária','Restaurante','Empresa de Pequeno Porte','03/11/2015','03/11/2017'),(282,'07.048110.15.0001-7','Sociedade Empresária','Restaurante','Microempresa','04/08/2015','04/08/2017'),(283,'08.038802.15.0001-1','Sociedade Empresária','Restaurante','Microempresa','08/06/2016','08/06/2018'),(284,'13.036048.15.0001-0','Sociedade Empresária','Restaurante','Microempresa','29/07/2015','29/07/2017'),(285,'24.065104.15.0001-0','Sociedade Empresária','Restaurante','Microempresa','28/07/2014','28/07/2016'),(286,'23.075534.15.0001-2','Sociedade Empresária','Restaurante','Microempresa','08/12/2015','08/12/2017'),(287,'08.044231.15.0001-6','Sociedade Empresária','Restaurante','Empresa de Pequeno Porte','04/11/2015','04/11/2017'),(288,'12.066036.15.0001-8','Sociedade Empresária','Restaurante','Microempresa','05/09/2014','05/09/2016'),(289,'09.070782.15.0001-7','Sociedade Empresária','Restaurante','Microempresa','12/05/2015','12/05/2017'),(290,'06.033529.15.0001-2','Sociedade Empresária','Restaurante','Microempresa','21/11/2014','21/11/2016'),(291,'12.032245.15.0001-9','Sociedade Empresária','Restaurante','Microempresa','27/08/2014','27/08/2016'),(292,'09.066701.15.0001-2','Sociedade Empresária','Restaurante','Microempresa','07/10/2014','07/10/2016'),(293,'01.040594.15.0001-1','Sociedade Empresária','Restaurante','Microempresa','17/06/2015','17/06/2017'),(294,'18.037464.15.0002-6','Empresa Individual (EIRELI)','Restaurante','Microempresa','22/05/2015','22/05/2017'),(295,'09.075399.15.0001-5','Sociedade Empresária','Restaurante','Empresa de Pequeno Porte','01/12/2015','01/12/2017'),(296,'09.075404.15.0001-7','Sociedade Empresária','Restaurante','Empresa de Pequeno Porte','01/12/2015','01/12/2017'),(297,'14.078949.15.0001-1','Sociedade Empresária','Restaurante','Empresa de Pequeno Porte','06/06/2016','06/06/2018'),(298,'01.039132.15.0001-4','Sociedade Empresária','Restaurante','Microempresa','10/04/2015','10/04/2017'),(299,'11.030983.15.0001-7','Sociedade Empresária','Restaurante','Microempresa','29/09/2014','29/09/2016'),(300,'09.075402.15.0001-2','Sociedade Empresária','Restaurante','Empresa de Pequeno Porte','01/12/2015','01/12/2017'),(301,'07.043849.15.0003-1','Sociedade Empresária','Restaurante','Empresa de Pequeno Porte','22/07/2014','22/07/2016'),(302,'01.053776.15.0002-9','Sociedade Empresária','Restaurante','Microempresa','17/06/2015','17/06/2017'),(303,'05.040526.15.0001-9','Sociedade Empresária','Restaurante','Microempresa','15/09/2015','15/09/2017'),(304,'11.039321.15.0001-2','Sociedade Empresária','Restaurante','Microempresa','28/04/2015','28/04/2017'),(305,'09.074175.15.0001-8','Sociedade Empresária','Restaurante','Microempresa','09/10/2015','09/10/2017'),(306,'09.076698.15.0001-9','Microempreendedor Individual (MEI)','Restaurante','Mei','18/02/2016','18/02/2018'),(307,'13.069472.15.0001-1','Sociedade Empresária','Similar','Microempresa','06/03/2015','06/03/2017'),(308,'07.069877.15.0001-6','Sociedade Empresária','Cafeteria','Microempresa','27/03/2015','27/03/2017'),(309,'03.025772.15.0001-4','Sociedade Empresária','Restaurante','Microempresa','12/05/2015','12/05/2017'),(310,'12.073932.15.0001-8','Empresário Individual (Não MEI)','Restaurante','Microempresa','30/09/2015','30/09/2017'),(311,'16.038001.15.0001-8','Sociedade Empresária','Restaurante','Microempresa','15/01/2015','15/01/2017'),(312,'09.075659.15.0001-6','Empresa Individual (EIRELI)','Restaurante','Microempresa','14/12/2015','14/12/2017'),(313,'10.065959.15.0001-3','Microempreendedor Individual (MEI)','Restaurante','Mei','02/09/2014','02/09/2016'),(314,'10.074804.15.0001-9','Empresário Individual (Não MEI)','Restaurante','Microempresa','05/11/2015','05/11/2017'),(315,'01.057415.15.0001-8','Empresário Individual (Não MEI)','Restaurante','Microempresa','22/02/2016','22/02/2018'),(316,'24.077520.15.0001-8','Microempreendedor Individual (MEI)','Restaurante','Mei','22/03/2016','22/03/2018'),(317,'14.074520.15.0001-3','Microempreendedor Individual (MEI)','Bar','Mei','23/10/2015','23/10/2017'),(318,'12.038527.15.0001-4','Empresário Individual (Não MEI)','Restaurante','Microempresa','26/12/2014','26/12/2016'),(319,'12.073670.15.0001-2','Empresário Individual (Não MEI)','Similar','Microempresa','22/09/2015','22/09/2017'),(320,'13.035733.15.0001-0','Empresário Individual (Não MEI)','Restaurante','Microempresa','18/07/2014','18/07/2016'),(321,'13.048111.15.0001-8','Empresário Individual (Não MEI)','Restaurante','Empresa de Pequeno Porte','03/11/2014','03/11/2016'),(322,'13.064736.15.0001-9','Microempreendedor Individual (MEI)','Similar','Mei','11/07/2014','11/07/2016'),(323,'13.070470.15.0001-0','Empresário Individual (Não MEI)','Bar','Microempresa','27/04/2015','27/04/2017'),(324,'13.077681.15.0001-6','Empresa Individual (EIRELI)','Restaurante','Empresa de Pequeno Porte','31/03/2016','31/03/2018'),(325,'07.072151.15.0001-3','Sociedade Simples','Restaurante','Microempresa','14/07/2015','14/07/2017'),(326,'01.052329.15.0001-5','Empresário Individual (Não MEI)','Restaurante','Microempresa','02/06/2015','02/06/2017'),(327,'24.079483.15.0001-1','Sociedade Empresária','Restaurante','Microempresa','29/06/2016','29/06/2018'),(328,'12.051532.15.0001-0','Sociedade Empresária','Restaurante','Microempresa','01/10/2015','01/10/2017'),(329,'11.067045.15.0001-0','Sociedade Empresária','Similar','Microempresa','22/10/2014','22/10/2016'),(330,'08.055701.15.0001-2','Sociedade Empresária','Restaurante','Empresa de Pequeno Porte','11/09/2015','11/09/2017'),(331,'07.066729.15.0001-0','Sociedade Empresária','Restaurante','Empresa de Pequeno Porte','08/10/2014','08/10/2016'),(332,'07.073851.15.0001-6','Sociedade Empresária','Restaurante','Microempresa','29/09/2015','29/09/2017'),(333,'18.078528.15.0001-7','Sociedade Empresária','Restaurante','Microempresa','13/05/2016','13/05/2018'),(334,'09.073811.15.0001-4','Sociedade Empresária','Cafeteria','Microempresa','28/09/2015','28/09/2017'),(335,'12.067456.15.0001-7','Sociedade Empresária','Similar','Microempresa','11/11/2014','11/11/2016'),(336,'13.073218.15.0001-2','Sociedade Empresária','Restaurante','Microempresa','02/09/2015','02/09/2017'),(337,'09.075147.15.0001-8','Sociedade Empresária','Similar','Microempresa','19/11/2015','19/11/2017'),(338,'01.064854.15.0001-8','Sociedade Empresária','Restaurante','Microempresa','28/07/2016','28/07/2018'),(339,'13.072240.15.0001-9','Sociedade Empresária','Bar','Microempresa','20/07/2015','20/07/2017'),(340,'02.076714.15.0001-1','Sociedade Empresária','Restaurante','Empresa de Pequeno Porte','21/03/2016','21/03/2018'),(341,'14.077268.15.0001-4','Cooperativa','Restaurante','Microempresa','15/03/2016','15/03/2018'),(342,'11.069503.15.0001-6','Sociedade Empresária','Restaurante','Microempresa','10/03/2015','10/03/2017'),(343,'07.071541.15.0001-4','Sociedade Empresária','Restaurante','Empresa de Pequeno Porte','17/06/2015','17/06/2017'),(344,'12.043644.15.0001-1','Sociedade Empresária','Similar','Microempresa','25/09/2015','25/09/2017'),(345,'12.073555.15.0001-0','Sociedade Empresária','Restaurante','Microempresa','17/09/2015','17/09/2017'),(346,'09.075398.15.0001-8','Sociedade Empresária','Restaurante','Microempresa','01/12/2015','01/12/2017'),(347,'12.055073.15.0001-3','Sociedade Empresária','Similar','Microempresa','06/07/2015','06/07/2017'),(348,'14.075870.15.0001-6','Microempreendedor Individual (MEI)','Restaurante','Mei','28/12/2015','28/12/2017'),(349,'24.035070.15.0001-9','Sociedade Empresária','Restaurante','Microempresa','13/07/2015','13/07/2017'),(350,'12.047691.15.0001-0','Sociedade Empresária','Restaurante','Empresa de Pequeno Porte','27/08/2015','27/08/2017'),(351,'08.064930.15.0001-4','Microempreendedor Individual (MEI)','Similar','Mei','31/08/2016','31/08/2018'),(352,'13.047623.15.0001-1','Sociedade Empresária','Similar','Microempresa','29/04/2015','29/04/2017'),(353,'07.033245.15.0001-1','Sociedade Empresária','Restaurante','Microempresa','30/12/2014','30/12/2016'),(354,'12.060156.15.0001-9','Sociedade Empresária','Restaurante','Microempresa','07/12/2015','07/12/2017'),(355,'12.074422.15.0001-9','Sociedade Empresária','Similar','Microempresa','20/10/2015','20/10/2017'),(356,'09.065374.15.0002-0','Sociedade Empresária','Restaurante','Microempresa','07/08/2014','07/08/2016'),(357,'09.065373.15.0001-5','Sociedade Empresária','Restaurante','Microempresa','07/08/2014','07/08/2016'),(358,'09.065375.15.0003-4','Sociedade Empresária','Restaurante','Empresa de Pequeno Porte','07/08/2014','07/08/2016'),(359,'09.065376.15.0004-9','Sociedade Empresária','Restaurante','Empresa de Pequeno Porte','08/08/2014','08/08/2016'),(360,'09.065377.15.0005-3','Sociedade Empresária','Restaurante','Empresa de Pequeno Porte','08/08/2014','08/08/2016'),(361,'25.067785.15.0001-1','Sociedade Empresária','Restaurante','Microempresa','26/11/2014','26/11/2016'),(362,'20.070353.15.0001-9','Empresário Individual (Não MEI)','Restaurante','Microempresa','20/04/2015','20/04/2017'),(363,'14.074386.15.0001-4','Empresa Individual (EIRELI)','Restaurante','Microempresa','19/10/2015','19/10/2017'),(364,'21.065471.15.0001-3','Sociedade Empresária','Restaurante','Empresa de Pequeno Porte','12/08/2014','12/08/2016'),(365,'14.062027.15.0001-4','Empresa Individual (EIRELI)','Restaurante','Microempresa','01/04/2016','01/04/2018'),(366,'13.078479.15.0001-1','Empresário Individual (Não MEI)','Restaurante','Microempresa','11/05/2016','11/05/2018'),(367,'13.078484.15.0001-1','Empresário Individual (Não MEI)','Restaurante','Microempresa','11/05/2016','11/05/2018'),(368,'14.062019.15.0001-2','Empresário Individual (Não MEI)','Restaurante','Microempresa','01/04/2016','01/04/2018'),(369,'14.079212.15.0001-8','Sociedade Empresária','Similar','Microempresa','16/06/2016','16/06/2018'),(370,'12.073025.15.0001-4','Empresário Individual (Não MEI)','Restaurante','Microempresa','25/08/2015','25/08/2017'),(371,'14.071994.15.0001-5','Empresário Individual (Não MEI)','Restaurante','Microempresa','07/07/2015','07/07/2017'),(372,'09.074897.15.0001-3','Sociedade Empresária','Restaurante','Microempresa','13/11/2015','13/11/2017'),(373,'01.063547.15.0001-2','Empresário Individual (Não MEI)','Restaurante','Microempresa','09/06/2016','09/06/2018'),(374,'09.065512.15.0001-0','Sociedade Empresária','Restaurante','Microempresa','13/08/2014','13/08/2016'),(375,'13.041690.15.0001-7','Sociedade Empresária','Restaurante','Microempresa','28/08/2014','28/08/2016'),(376,'09.071560.15.0001-3','Sociedade Empresária','Restaurante','Microempresa','17/06/2015','17/06/2017'),(377,'13.072817.15.0001-3','Sociedade Empresária','Restaurante','Empresa de Pequeno Porte','14/08/2015','14/08/2017'),(378,'01.041153.15.0001-1','Sociedade Empresária','Restaurante','Microempresa','22/02/2016','22/02/2018'),(379,'14.074519.15.0001-2','Microempreendedor Individual (MEI)','Bar','Mei','23/10/2015','23/10/2017'),(380,'11.067573.15.0001-1','Empresário Individual (Não MEI)','Restaurante','Microempresa','17/11/2014','17/11/2016'),(381,'14.071273.15.0001-7','Microempreendedor Individual (MEI)','Bar','Mei','03/06/2015','03/06/2017'),(382,'07.072068.15.0001-5','Sociedade Empresária','Bar','Microempresa','09/07/2015','09/07/2017'),(383,'13.070484.15.0001-5','Empresa Individual (EIRELI)','Restaurante','Microempresa','28/04/2015','28/04/2017'),(384,'09.074168.15.0001-3','Empresário Individual (Não MEI)','Restaurante','Microempresa','08/10/2015','08/10/2017'),(385,'12.075328.15.0001-1','Empresário Individual (Não MEI)','Restaurante','Microempresa','27/11/2015','27/11/2017'),(386,'11.078339.15.0001-7','Empresário Individual (Não MEI)','Bar','Microempresa','10/05/2016','10/05/2018'),(387,'19.060245.15.0001-3','Empresário Individual (Não MEI)','Restaurante','Microempresa','21/07/2015','21/07/2017'),(388,'02.067202.15.0001-4','Microempreendedor Individual (MEI)','Restaurante','Mei','31/10/2014','31/10/2016'),(389,'12.038485.15.0001-2','Empresário Individual (Não MEI)','Restaurante','Microempresa','04/11/2015','04/11/2017'),(390,'05.075176.15.0001-2','Empresário Individual (Não MEI)','Restaurante','Microempresa','23/11/2015','23/11/2017'),(391,'19.071697.15.0001-0','Sociedade Empresária','Restaurante','Microempresa','23/06/2015','23/06/2017'),(392,'12.071075.15.0001-7','Empresário Individual (Não MEI)','Restaurante','Microempresa','26/05/2015','26/05/2017'),(393,'09.067566.15.0001-0','Empresário Individual (Não MEI)','Restaurante','Microempresa','17/11/2014','17/11/2016'),(394,'06.066689.15.0001-0','Sociedade Empresária','Restaurante','Microempresa','07/10/2014','07/10/2016'),(395,'12.074737.15.0001-8','Sociedade Empresária','Similar','Microempresa','04/11/2015','04/11/2017'),(396,'25.065196.15.0001-3','Sociedade Empresária','Similar','Microempresa','01/08/2014','01/08/2016'),(397,'23.038079.15.0001-6','Sociedade Empresária','Restaurante','Microempresa','30/03/2015','30/03/2017'),(398,'12.070392.15.0001-0','Sociedade Empresária','Restaurante','Microempresa','23/04/2015','23/04/2017'),(399,'01.049440.15.0001-6','Sociedade Empresária','Restaurante','Microempresa','29/08/2014','29/08/2016'),(400,'14.071521.15.0001-7','Microempreendedor Individual (MEI)','Restaurante','Mei','16/06/2015','16/06/2017'),(401,'08.074474.15.0001-5','Empresa Individual (EIRELI)','Similar','Microempresa','21/10/2015','21/10/2017'),(402,'13.070937.15.0001-2','Sociedade Empresária','Restaurante','Microempresa','20/05/2015','20/05/2017'),(403,'13.033925.15.0001-0','Sociedade Empresária','Restaurante','Microempresa','16/07/2014','16/07/2016'),(404,'09.047199.15.0001-2','Sociedade Empresária','Restaurante','Microempresa','21/08/2014','21/08/2016'),(405,'13.067067.15.0001-0','Sociedade Empresária','Similar','Microempresa','22/10/2014','22/10/2016'),(406,'13.077113.15.0001-9','Empresário Individual (Não MEI)','Cafeteria','Microempresa','07/03/2016','07/03/2018'),(407,'09.069946.15.0001-9','Sociedade Empresária','Restaurante','Microempresa','30/03/2015','30/03/2017'),(408,'06.032871.15.0001-8','Sociedade Empresária','Restaurante','Microempresa','05/08/2014','05/08/2016'),(409,'09.078211.15.0001-4','Sociedade Empresária','Restaurante','Microempresa','27/04/2016','27/04/2018'),(410,'12.031377.15.0001-3','Sociedade Empresária','Restaurante','Microempresa','29/08/2014','29/08/2016'),(411,'12.069793.15.0001-6','Empresário Individual (Não MEI)','Restaurante','Microempresa','24/03/2015','24/03/2017'),(412,'13.035505.15.0001-5','Empresário Individual (Não MEI)','Restaurante','Microempresa','27/05/2015','27/05/2017'),(413,'01.053128.15.0001-1','Empresário Individual (Não MEI)','Similar','Microempresa','22/02/2016','22/02/2018'),(414,'09.049473.15.0001-1','Sociedade Empresária','Restaurante','Microempresa','30/12/2015','30/12/2017'),(415,'09.051066.15.0001-2','Empresário Individual (Não MEI)','Bar','Microempresa','29/09/2015','29/09/2017'),(416,'09.070157.15.0001-1','Empresário Individual (Não MEI)','Restaurante','Microempresa','10/04/2015','10/04/2017'),(417,'09.074166.15.0001-9','Empresário Individual (Não MEI)','Restaurante','Microempresa','08/10/2015','08/10/2017'),(418,'12.044088.15.0001-8','Sociedade Empresária','Similar','Microempresa','08/01/2015','08/01/2017'),(419,'02.018102.15.0001-5','Sociedade Empresária','Restaurante','Microempresa','13/07/2015','13/07/2017'),(420,'14.036754.15.0001-7','Sociedade Empresária','Restaurante','Empresa de Pequeno Porte','01/06/2015','01/06/2017'),(421,'12.072335.15.0001-2','Empresa Individual (EIRELI)','Restaurante','Microempresa','23/07/2015','23/07/2017'),(422,'09.075699.15.0001-1','Microempreendedor Individual (MEI)','Bar','Mei','16/12/2015','16/12/2017'),(423,'02.030632.15.0001-2','Sociedade Empresária','Restaurante','Microempresa','05/08/2015','05/08/2017'),(424,'20.071853.15.0001-0','Empresário Individual (Não MEI)','Restaurante','Microempresa','30/06/2015','30/06/2017'),(425,'09.072144.15.0001-2','Sociedade Empresária','Restaurante','Microempresa','14/07/2015','14/07/2017'),(426,'07.068085.15.0001-0','Sociedade Empresária','Restaurante','Empresa de Pequeno Porte','11/12/2014','11/12/2016'),(427,'12.038333.15.0001-0','Empresário Individual (Não MEI)','Similar','Microempresa','06/07/2015','06/07/2017'),(428,'10.075344.15.0001-1','Empresário Individual (Não MEI)','Restaurante','Microempresa','27/11/2015','27/11/2017'),(429,'22.050762.15.0001-6','Empresário Individual (Não MEI)','Restaurante','Microempresa','29/07/2015','29/07/2017'),(430,'01.062462.15.0001-9','Sociedade Empresária','Restaurante','Empresa de Pequeno Porte','04/04/2016','04/04/2018'),(431,'06.072364.15.0001-0','Sociedade Empresária','Restaurante','Microempresa','24/07/2015','24/07/2017'),(432,'13.076867.15.0001-3','Empresário Individual (Não MEI)','Bar','Microempresa','24/02/2016','24/02/2018'),(433,'08.067546.15.0001-6','Empresário Individual (Não MEI)','Restaurante','Microempresa','14/11/2014','14/11/2016'),(434,'01.055158.15.0001-0','Empresário Individual (Não MEI)','Restaurante','Microempresa','06/07/2015','06/07/2017'),(435,'01.049364.15.0001-2','Sociedade Empresária','Restaurante','Microempresa','27/08/2014','27/08/2016'),(436,'12.038059.15.0001-0','Sociedade Empresária','Similar','Empresa de Pequeno Porte','25/09/2015','25/09/2017'),(437,'01.063548.15.0001-0','Empresário Individual (Não MEI)','Restaurante','Microempresa','09/06/2016','09/06/2018'),(438,'01.052925.15.0001-9','Empresário Individual (Não MEI)','Restaurante','Microempresa','30/04/2015','30/04/2017'),(439,'15.041801.15.0001-1','Sociedade Empresária','Restaurante','Microempresa','14/09/2015','14/09/2017'),(440,'07.067926.15.0001-3','Sociedade Empresária','Restaurante','Microempresa','03/12/2014','03/12/2016'),(441,'12.032747.15.0001-0','Sociedade Empresária','Similar','Microempresa','06/06/2016','06/06/2018'),(442,'09.078737.15.0001-8','Empresário Individual (Não MEI)','Restaurante','Microempresa','23/05/2016','23/05/2018'),(443,'14.073966.15.0001-0','Microempreendedor Individual (MEI)','Similar','Mei','01/10/2015','01/10/2017'),(444,'06.044047.15.0001-1','Sociedade Empresária','Restaurante','Microempresa','30/06/2015','30/06/2017'),(445,'09.076739.15.0001-3','Empresário Individual (Não MEI)','Restaurante','Microempresa','18/02/2016','18/02/2018'),(446,'12.043691.15.0001-1','Empresário Individual (Não MEI)','Restaurante','Microempresa','06/04/2016','06/04/2018'),(447,'09.068178.15.0001-4','Empresário Individual (Não MEI)','Bar','Empresa de Pequeno Porte','16/12/2014','16/12/2016'),(448,'01.051773.15.0001-0','Empresa Individual (EIRELI)','Restaurante','Microempresa','12/01/2015','12/01/2017'),(449,'08.069086.15.0001-3','Empresa Individual (EIRELI)','Restaurante','Microempresa','10/02/2015','10/02/2017'),(450,'13.053884.15.0001-3','Empresário Individual (Não MEI)','Similar','Microempresa','29/09/2015','29/09/2017'),(451,'09.042901.15.0001-8','Sociedade Empresária','Restaurante','Microempresa','24/03/2015','24/03/2017'),(452,'14.073916.15.0001-8','Empresário Individual (Não MEI)','Restaurante','Microempresa','30/09/2015','30/09/2017'),(453,'01.055347.15.0001-7','Microempreendedor Individual (MEI)','Restaurante','Mei','10/08/2015','10/08/2017'),(454,'12.074260.15.0001-9','Empresa Individual (EIRELI)','Restaurante','Microempresa','14/10/2015','14/10/2017'),(455,'09.075155.15.0001-0','Empresário Individual (Não MEI)','Restaurante','Microempresa','20/11/2015','20/11/2017'),(456,'12.068216.15.0001-5','Empresário Individual (Não MEI)','Restaurante','Empresa de Pequeno Porte','17/12/2014','17/12/2016'),(457,'01.059460.15.0003-7','Empresário Individual (Não MEI)','Restaurante','Microempresa','22/02/2016','22/02/2018'),(458,'01.059459.15.0002-9','Empresário Individual (Não MEI)','Restaurante','Microempresa','22/02/2016','22/02/2018'),(459,'09.070693.15.0001-5','Empresário Individual (Não MEI)','Bar','Microempresa','08/05/2015','08/05/2017'),(460,'12.073356.15.0001-7','Empresário Individual (Não MEI)','Restaurante','Microempresa','09/09/2015','09/09/2017'),(461,'01.063525.15.0001-5','Empresário Individual (Não MEI)','Restaurante','Microempresa','09/06/2016','09/06/2018'),(462,'13.069926.15.0001-6','Empresário Individual (Não MEI)','Restaurante','Empresa de Pequeno Porte','30/03/2015','30/03/2017'),(463,'05.046257.15.0001-6','Empresa Individual (EIRELI)','Restaurante','Empresa de Pequeno Porte','18/09/2015','18/09/2017'),(464,'09.071073.15.0001-4','Sociedade Empresária','Restaurante','Microempresa','26/05/2015','26/05/2017'),(465,'09.076556.15.0001-3','Empresário Individual (Não MEI)','Restaurante','Microempresa','11/02/2016','11/02/2018'),(466,'12.065280.15.0001-2','Microempreendedor Individual (MEI)','Restaurante','Mei','05/08/2014','05/08/2016'),(467,'07.071370.15.0001-5','Sociedade Empresária','Restaurante','Empresa de Pequeno Porte','10/06/2015','10/06/2017'),(468,'09.042912.15.0001-1','Sociedade Empresária','Restaurante','Microempresa','19/05/2015','19/05/2017'),(469,'12.065581.15.0001-6','Sociedade Empresária','Cafeteria','Microempresa','18/08/2014','18/08/2016'),(470,'07.072267.15.0001-9','Empresa Individual (EIRELI)','Similar','Microempresa','20/07/2015','20/07/2017'),(471,'27.064304.15.0001-1','Sociedade Empresária','Restaurante','Microempresa','12/11/2014','12/11/2016'),(472,'26.079435.15.0001-8','Sociedade Empresária','Restaurante','Empresa de Pequeno Porte','27/06/2016','27/06/2018'),(473,'09.070281.15.0001-2','Empresário Individual (Não MEI)','Bar','Microempresa','15/04/2015','15/04/2017'),(474,'09.070280.15.0001-5','Sociedade Empresária','Bar','Microempresa','15/04/2015','15/04/2017'),(475,'13.072756.15.0001-6','Microempreendedor Individual (MEI)','Restaurante','Mei','12/08/2015','12/08/2017'),(476,'20.023695.15.0001-0','Sociedade Empresária','Restaurante','Microempresa','12/04/2016','12/04/2018'),(477,'02.076248.15.0002-0','Sociedade Empresária','Similar','Microempresa','20/01/2016','20/01/2018'),(478,'27.064530.15.0001-2','Microempreendedor Individual (MEI)','Restaurante','Mei','03/07/2014','03/07/2016'),(479,'15.078894.15.0001-3','Sociedade Empresária','Restaurante','Microempresa','01/06/2016','01/06/2018'),(480,'23.038059.15.0001-3','Sociedade Empresária','Restaurante','Microempresa','30/03/2015','30/03/2017'),(481,'26.072688.15.0001-0','Sociedade Empresária','Cafeteria','Empresa de Pequeno Porte','07/08/2015','07/08/2017'),(482,'26.077454.15.0001-4','Sociedade Empresária','Restaurante','Microempresa','21/03/2016','21/03/2018'),(483,'11.077851.15.0001-4','Empresário Individual (Não MEI)','Restaurante','Microempresa','11/04/2016','11/04/2018'),(484,'01.051241.15.0001-0','Empresário Individual (Não MEI)','Restaurante','Microempresa','12/01/2015','12/01/2017'),(485,'13.053887.15.0001-5','Microempreendedor Individual (MEI)','Restaurante','Mei','12/08/2015','12/08/2017'),(486,'13.035059.15.0001-9','Sociedade Empresária','Restaurante','Microempresa','30/09/2015','30/09/2017'),(487,'09.070662.15.0001-9','Empresário Individual (Não MEI)','Similar','Microempresa','07/05/2015','07/05/2017'),(488,'12.073669.15.0001-1','Empresário Individual (Não MEI)','Restaurante','Empresa de Pequeno Porte','22/09/2015','22/09/2017'),(489,'23.033133.15.0001-0','Sociedade Empresária','Restaurante','Microempresa','06/08/2014','06/08/2016'),(490,'12.077644.15.0001-0','Empresário Individual (Não MEI)','Restaurante','Microempresa','30/03/2016','30/03/2018'),(491,'01.055759.15.0001-0','Microempreendedor Individual (MEI)','Restaurante','Mei','14/09/2015','14/09/2017'),(492,'05.067774.15.0001-6','Empresário Individual (Não MEI)','Restaurante','Microempresa','26/11/2014','26/11/2016'),(493,'01.055756.15.0001-8','Empresário Individual (Não MEI)','Restaurante','Microempresa','14/09/2015','14/09/2017'),(494,'01.071300.15.0001-0','Empresário Individual (Não MEI)','Restaurante','Microempresa','05/06/2015','05/06/2017'),(495,'01.063203.15.0001-1','Empresário Individual (Não MEI)','Restaurante','Microempresa','09/05/2016','09/05/2018'),(496,'20.076706.15.0001-8','Empresário Individual (Não MEI)','Restaurante','Microempresa','18/02/2016','18/02/2018'),(497,'19.071689.15.0001-8','Sociedade Empresária','Restaurante','Microempresa','23/06/2015','23/06/2017'),(498,'10.078966.15.0001-5','Empresário Individual (Não MEI)','Restaurante','Microempresa','06/06/2016','06/06/2018'),(499,'12.077637.15.0001-6','Sociedade Empresária','Restaurante','Microempresa','30/03/2016','30/03/2018');
/*!40000 ALTER TABLE `CERTIFICADO` ENABLE KEYS */;
UNLOCK TABLES;

--
-- Table structure for table `CERTIFICADO_CNAE`
--

DROP TABLE IF EXISTS `CERTIFICADO_CNAE`;
/*!40101 SET @saved_cs_client     = @@character_set_client */;
/*!40101 SET character_set_client = utf8 */;
CREATE TABLE `CERTIFICADO_CNAE` (
  `id_certif` int(3) NOT NULL DEFAULT '0',
  `id_cnae` int(2) NOT NULL,
  PRIMARY KEY (`id_certif`,`id_cnae`),
  KEY `id_cnae` (`id_cnae`),
  CONSTRAINT `CERTIFICADO_CNAE_ibfk_1` FOREIGN KEY (`id_certif`) REFERENCES `CERTIFICADO` (`id_certif`) ON DELETE CASCADE,
  CONSTRAINT `CERTIFICADO_CNAE_ibfk_2` FOREIGN KEY (`id_cnae`) REFERENCES `CNAE` (`id_cnae`) ON DELETE CASCADE
) ENGINE=InnoDB DEFAULT CHARSET=latin1;
/*!40101 SET character_set_client = @saved_cs_client */;

--
-- Dumping data for table `CERTIFICADO_CNAE`
--

LOCK TABLES `CERTIFICADO_CNAE` WRITE;
/*!40000 ALTER TABLE `CERTIFICADO_CNAE` DISABLE KEYS */;
INSERT INTO `CERTIFICADO_CNAE` VALUES (1,1),(2,1),(5,1),(6,1),(8,1),(9,1),(10,1),(11,1),(13,1),(14,1),(15,1),(17,1),(22,1),(23,1),(25,1),(26,1),(27,1),(28,1),(31,1),(32,1),(36,1),(39,1),(40,1),(42,1),(43,1),(44,1),(46,1),(48,1),(49,1),(50,1),(51,1),(52,1),(53,1),(54,1),(55,1),(56,1),(57,1),(58,1),(59,1),(61,1),(65,1),(68,1),(70,1),(72,1),(73,1),(74,1),(75,1),(78,1),(80,1),(82,1),(83,1),(86,1),(89,1),(90,1),(91,1),(92,1),(93,1),(95,1),(96,1),(97,1),(99,1),(102,1),(103,1),(105,1),(107,1),(108,1),(112,1),(114,1),(116,1),(117,1),(118,1),(119,1),(123,1),(124,1),(126,1),(127,1),(128,1),(130,1),(131,1),(132,1),(133,1),(134,1),(135,1),(136,1),(137,1),(138,1),(139,1),(142,1),(144,1),(145,1),(148,1),(149,1),(150,1),(151,1),(152,1),(153,1),(155,1),(156,1),(157,1),(158,1),(159,1),(162,1),(163,1),(166,1),(167,1),(169,1),(175,1),(176,1),(177,1),(178,1),(180,1),(182,1),(184,1),(185,1),(186,1),(188,1),(191,1),(192,1),(193,1),(194,1),(195,1),(196,1),(197,1),(198,1),(200,1),(202,1),(204,1),(205,1),(206,1),(207,1),(208,1),(212,1),(213,1),(218,1),(219,1),(221,1),(222,1),(224,1),(227,1),(228,1),(229,1),(231,1),(233,1),(234,1),(235,1),(236,1),(237,1),(238,1),(240,1),(241,1),(242,1),(243,1),(244,1),(245,1),(247,1),(248,1),(250,1),(251,1),(252,1),(253,1),(255,1),(256,1),(257,1),(260,1),(262,1),(263,1),(264,1),(265,1),(269,1),(270,1),(271,1),(274,1),(277,1),(278,1),(279,1),(281,1),(282,1),(283,1),(284,1),(285,1),(286,1),(287,1),(290,1),(291,1),(293,1),(294,1),(295,1),(296,1),(297,1),(300,1),(301,1),(302,1),(303,1),(304,1),(306,1),(307,1),(309,1),(310,1),(311,1),(312,1),(313,1),(314,1),(315,1),(316,1),(318,1),(320,1),(321,1),(324,1),(325,1),(327,1),(328,1),(330,1),(332,1),(336,1),(338,1),(340,1),(341,1),(345,1),(346,1),(348,1),(349,1),(350,1),(351,1),(356,1),(357,1),(358,1),(359,1),(360,1),(361,1),(363,1),(365,1),(366,1),(368,1),(370,1),(371,1),(372,1),(373,1),(374,1),(376,1),(377,1),(378,1),(379,1),(380,1),(381,1),(384,1),(387,1),(389,1),(391,1),(392,1),(394,1),(396,1),(397,1),(398,1),(400,1),(402,1),(403,1),(404,1),(406,1),(407,1),(408,1),(409,1),(410,1),(412,1),(414,1),(417,1),(419,1),(420,1),(421,1),(422,1),(424,1),(426,1),(428,1),(429,1),(430,1),(434,1),(435,1),(437,1),(438,1),(439,1),(440,1),(441,1),(444,1),(446,1),(447,1),(448,1),(451,1),(452,1),(453,1),(454,1),(456,1),(457,1),(458,1),(460,1),(461,1),(462,1),(464,1),(465,1),(466,1),(467,1),(470,1),(475,1),(476,1),(479,1),(480,1),(482,1),(483,1),(485,1),(486,1),(488,1),(489,1),(490,1),(492,1),(493,1),(494,1),(495,1),(496,1),(497,1),(498,1),(499,1),(1,2),(41,2),(47,2),(69,2),(79,2),(81,2),(85,2),(106,2),(121,2),(142,2),(143,2),(149,2),(150,2),(153,2),(154,2),(155,2),(160,2),(193,2),(217,2),(223,2),(243,2),(249,2),(268,2),(280,2),(281,2),(313,2),(317,2),(327,2),(331,2),(340,2),(342,2),(346,2),(355,2),(395,2),(407,2),(409,2),(433,2),(447,2),(459,2),(465,2),(469,2),(481,2),(482,2),(494,2),(497,2),(3,3),(18,3),(20,3),(21,3),(29,3),(30,3),(33,3),(35,3),(37,3),(38,3),(63,3),(64,3),(67,3),(71,3),(76,3),(87,3),(88,3),(98,3),(101,3),(104,3),(109,3),(111,3),(113,3),(128,3),(138,3),(146,3),(147,3),(165,3),(168,3),(170,3),(171,3),(173,3),(174,3),(179,3),(187,3),(203,3),(209,3),(215,3),(219,3),(220,3),(232,3),(238,3),(239,3),(246,3),(249,3),(261,3),(266,3),(267,3),(272,3),(275,3),(276,3),(292,3),(305,3),(306,3),(319,3),(323,3),(329,3),(337,3),(339,3),(340,3),(347,3),(353,3),(354,3),(367,3),(369,3),(382,3),(383,3),(386,3),(393,3),(405,3),(406,3),(411,3),(413,3),(422,3),(427,3),(443,3),(445,3),(450,3),(455,3),(473,3),(474,3),(478,3),(481,3),(487,3),(491,3),(4,4),(4,5),(100,5),(254,5),(4,6),(122,6),(129,6),(153,6),(164,6),(299,6),(471,6),(4,7),(4,8),(8,8),(26,8),(27,8),(31,8),(48,8),(50,8),(57,8),(58,8),(66,8),(99,8),(102,8),(103,8),(104,8),(132,8),(133,8),(134,8),(171,8),(174,8),(178,8),(192,8),(193,8),(197,8),(228,8),(241,8),(250,8),(267,8),(309,8),(364,8),(386,8),(387,8),(394,8),(404,8),(419,8),(423,8),(435,8),(471,8),(476,8),(7,9),(8,10),(429,10),(12,11),(141,11),(398,11),(489,11),(12,13),(16,13),(19,13),(24,13),(79,13),(84,13),(110,13),(125,13),(140,13),(141,13),(181,13),(190,13),(201,13),(211,13),(214,13),(226,13),(230,13),(254,13),(258,13),(289,13),(298,13),(326,13),(333,13),(343,13),(364,13),(375,13),(399,13),(416,13),(423,13),(425,13),(431,13),(449,13),(463,13),(468,13),(484,13),(34,14),(41,15),(316,15),(42,16),(141,16),(206,16),(313,16),(327,16),(465,16),(45,17),(115,17),(487,17),(60,18),(66,18),(77,18),(183,18),(210,18),(225,18),(318,18),(322,18),(334,18),(388,18),(415,18),(418,18),(436,18),(477,18),(120,19),(351,19),(62,20),(375,20),(390,20),(472,20),(66,21),(133,21),(69,22),(264,22),(81,23),(141,23),(94,24),(344,24),(425,24),(100,25),(308,25),(335,25),(102,26),(298,26),(340,26),(104,27),(212,27),(341,27),(388,27),(398,27),(429,27),(496,27),(245,29),(133,30),(141,31),(153,32),(161,33),(226,33),(171,34),(172,35),(457,35),(176,36),(176,37),(259,37),(281,37),(401,37),(189,38),(199,38),(288,38),(432,38),(212,39),(214,40),(216,41),(226,42),(273,42),(245,43),(245,44),(245,45),(259,46),(352,46),(362,46),(385,46),(264,47),(290,48),(309,49),(348,50),(351,51),(401,52),(439,53),(442,54),(465,55);
/*!40000 ALTER TABLE `CERTIFICADO_CNAE` ENABLE KEYS */;
UNLOCK TABLES;

--
-- Table structure for table `CNAE`
--

DROP TABLE IF EXISTS `CNAE`;
/*!40101 SET @saved_cs_client     = @@character_set_client */;
/*!40101 SET character_set_client = utf8 */;
CREATE TABLE `CNAE` (
  `id_cnae` int(2) NOT NULL,
  `codigo` varchar(10) NOT NULL,
  `descricao` varchar(117) NOT NULL,
  PRIMARY KEY (`id_cnae`),
  UNIQUE KEY `codigo` (`codigo`,`descricao`)
) ENGINE=InnoDB DEFAULT CHARSET=latin1;
/*!40101 SET character_set_client = @saved_cs_client */;

--
-- Dumping data for table `CNAE`
--

LOCK TABLES `CNAE` WRITE;
/*!40000 ALTER TABLE `CNAE` DISABLE KEYS */;
INSERT INTO `CNAE` VALUES (47,'4789-0/01-','COMÉRCIO VAREJISTA ARTIGOS DE ARTESANATO'),(39,'4923-0/02-','ALUGUEL DE VEÍCULOS RODOVIÁRIOS COM MOTORISTA, MUNICIPAL'),(49,'4929-9/02-','TRANSPORTE RODOVIÁRIO COLETIVO DE PASSAGEIROS SOB REGIME DE FRETAMENTO, INTERMUNICIPAL, INTERESTADUAL E INTERNACIONAL'),(30,'5099-8/01-','SERVIÇOS DE PASSEIO TURÍSTICO EM ÁGUAS COSTEIRAS OU EM VIAS INTERNAS'),(43,'5099-8/01-','SERVIÇOS DE TRANSPORTE AQUAVIÁRIO TURÍSTICO'),(8,'5510-8/01-','HOTEL'),(53,'5510-8/01-','HOTEL FAZENDA'),(48,'5510-8/02-','APART-HOTEL (USADO COMO HOTEL)'),(45,'5590-6/01-','SERVIÇO DE ALOJAMENTO ALBERGUE (EXCETO ASSISTENCIAL)'),(15,'5590-6/02-','SERVIÇO DE ALOJAMENTO CAMPING'),(50,'5590-6/03-','SERVIÇO DE ALOJAMENTO PENSÃO'),(26,'5590-6/99-','SERVIÇO DE ALOJAMENTO DORMITÓRIO'),(13,'5611-2/01-','ALIMENTAÇÃO, COMIDA, REFEIÇÃO A PESO'),(19,'5611-2/01-','RESTAURANTE COM SERVIÇO COMPLETO'),(1,'5611-2/01-','RESTAURANTES E SIMILARES'),(52,'5611-2/01-','SERVIÇO DE ALIMENTAÇÃO  EXPLORAÇÃO DE VAGÕES-RESTAURANTES, POR TERCEIROS'),(38,'5611-2/01-','SERVIÇO DE ALIMENTAÇÃO CHURRASCARIA'),(14,'5611-2/01-','SERVIÇO DE ALIMENTAÇÃO COM SERVIÇO COMPLETO'),(51,'5611-2/01-','SERVIÇO DE ALIMENTAÇÃO GELATERIA'),(46,'5611-2/01-','SERVIÇO DE ALIMENTAÇÃO PIZZARIA COM SERVIÇO COMPLETO'),(17,'5611-2/01-','SERVIÇO DE ALIMENTAÇÃO ROTISSERIA'),(20,'5611-2/01-','SERVIÇO DE ALIMENTAÇÃO SELF-SERVICE'),(2,'5611-2/02-','BARES E OUTROS ESTABELECIMENTOS ESPECIALIZADOS EM SERVIR BEBIDAS'),(42,'5611-2/02-','CASAS DE CHÁ'),(9,'5611-2/02-','CHOPERIA COM SERVIÇO COMPLETO'),(28,'5611-2/02-','SERVIÇO DE ALIMENTAÇÃO BAR COM SERVIÇO COMPLETO'),(3,'5611-2/03-','LANCHONETES, CASAS DE CHÁ, DE SUCOS E SIMILARES'),(37,'5611-2/03-','SERVIÇO DE ALIMENTAÇÃO BAR SEM SERVIÇO COMPLETO'),(41,'5611-2/03-','SERVIÇO DE ALIMENTAÇÃO CALDO DE CANA'),(25,'5611-2/03-','SERVIÇO DE ALIMENTAÇÃO CASA DE DOCES E SALGADOS'),(33,'5611-2/03-','SERVIÇO DE ALIMENTAÇÃO CASA DE SUCO'),(24,'5611-2/03-','SERVIÇO DE ALIMENTAÇÃO FAST-FOOD'),(18,'5611-2/03-','SERVIÇO DE ALIMENTAÇÃO LANCHONETE'),(35,'5611-2/03-','SERVIÇO DE ALIMENTAÇÃO PIZZARIA (TIPO FAST-FOOD)'),(6,'5611-2/03-','SERVIÇO DE ALIMENTAÇÃO SEM SERVIÇO COMPLETO'),(54,'5611-2/03-','SERVIÇO DE ALIMENTAÇÃO SORVETERIA'),(55,'5620-1/01-','FORNECIMENTO DE ALIMENTOS PREPARADOS PREPONDERANTEMENTE PARA EMPRESAS'),(32,'5620-1/01-','SERVIÇO DE ALIMENTAÇÃO CATERING'),(5,'5620-1/02-','SERVIÇOS DE ALIMENTAÇÃO BUFFET'),(16,'5620-1/02-','SERVIÇOS DE ALIMENTAÇÃO PARA EVENTOS E RECEPÇÕES - BUFÊ'),(27,'7911-2/00-','SERVIÇO DE AGÊNCIA DE VIAGEM'),(34,'7911-2/00-','SERVIÇOS DE AGENCIAMENTOS TURÍSTICOS'),(21,'7912-1/00-','SERVIÇOS DE OPERAÇÃO DE TURISMO'),(29,'7990-2/00-','SERVIÇOS DE RESERVAS E OUTROS SERVIÇOS DE TURISMO NÃO ESPECIFICADOS ANTERIORMENTE'),(36,'7990-2/00-','VENDA DE BILHETES DE PASSAGEM PARA QUALQUER FINALIDADE'),(12,'8230-0/01-','SERVIÇOS DE ORGANIZAÇÃO DE FEIRAS, CONGRESSOS, EXPOSIÇÕES E FESTAS'),(10,'8230-0/01-','SERVIÇOS DE ORGANIZAÇÃO, PRODUÇÃO E PROMOÇÃO DE ENCONTROS E CONGRESSOS'),(11,'8230-0/01-','SERVIÇOS DE ORGANIZAÇÃO, PRODUÇÃO E PROMOÇÃO DE FEIRAS E EXPOSIÇÕES'),(23,'8230-0/02-','CASAS DE FESTA E EVENTOS'),(40,'8230-0/02-','GESTÃO DE CASA DE EVENTOS'),(7,'8230-0/02-','GESTÃO DE INSTALAÇÕES PARA EVENTOS'),(44,'9001-9/02-','ORGANIZAÇÃO DE, PROMOÇÃO DE EVENTOS MUSICAIS'),(31,'9001-9/06-','SERVIÇOS DE ILUMINAÇÃO LIGADA ÀS ATIVIDADES ARTÍSTICAS, CÊNICAS'),(4,'9321-2/00-','EXPLORAÇÃO DE PARQUE DE DIVERSÃO'),(22,'9329-8/99-','OUTRAS ATIVIDADES DE RECREAÇÃO E LAZER NÃO ESPECIFICADAS ANTERIORMENTE');
/*!40000 ALTER TABLE `CNAE` ENABLE KEYS */;
UNLOCK TABLES;

--
-- Table structure for table `EMPRESA`
--

DROP TABLE IF EXISTS `EMPRESA`;
/*!40101 SET @saved_cs_client     = @@character_set_client */;
/*!40101 SET character_set_client = utf8 */;
CREATE TABLE `EMPRESA` (
  `cnpj` varchar(18) NOT NULL,
  `razao_social` varchar(69) NOT NULL,
  `nome_fant` varchar(69) DEFAULT NULL,
  `situacao` varchar(14) NOT NULL,
  `capacidade` int(4) DEFAULT NULL,
  `id_certif` int(3) NOT NULL,
  PRIMARY KEY (`cnpj`),
  KEY `id_certif` (`id_certif`),
  CONSTRAINT `EMPRESA_ibfk_1` FOREIGN KEY (`id_certif`) REFERENCES `CERTIFICADO` (`id_certif`)
) ENGINE=InnoDB DEFAULT CHARSET=latin1;
/*!40101 SET character_set_client = @saved_cs_client */;

--
-- Dumping data for table `EMPRESA`
--

LOCK TABLES `EMPRESA` WRITE;
/*!40000 ALTER TABLE `EMPRESA` DISABLE KEYS */;
INSERT INTO `EMPRESA` VALUES ('00.101.413/0001-62','DI PARMA INDUSTRIA E COMERCIO DE ALIMENTOS LTDA ME','DI PARMA INDUSTRIA E COMERCIO DE ALIMENTOS LTDA ME','Em Operação',100,403),('00.193.508/0001-53','CONFEITARIA COMPASUL LTDA - ME','BARONESA','Em Operação',40,335),('00.360.212/0001-80','ALIMENTTA RESTAURANTE LTDA - ME','RESTAURANTE SABOR DA SERRA','Em Operação',130,74),('00.378.163/0001-02','ALESSANDRO GAMA RÉGIS - ME','SANDROS BAR','Em Operação',500,65),('00.735.389/0001-13','CHURASCARIA FOGO DO GALPÃO LTDA EPP','CHURASCARIA FOGO DO GALPÃO','Em Operação',360,282),('00.742.049/0001-10','BAR E RESTAURANTE AREIA BRANCA LTDA - ME','','Em Operação',80,151),('00.754.980/0001-18','DIVA MAIA DE ARAUJO','LANCHONETE E SORVETERIA AVENIDA','Em Operação',20,413),('00.781.247/0001-92','AFONSO CELSO C CARVALHO - ME','BALNEARIO TAMBORIL','Em Operação',130,49),('00.986.059/0001-09','CHIP´S LANCHES LTDA -  ME','GIRA GRILL','Em Operação',50,275),('01.031.452/0001-01','C. A. DE BARROS DO CARMO - ME','RESTAURANTE DO MANO','Em Operação',300,212),('01.049.992/0001-04','CUNHA & BORGES LTDA - ME','CUNHA & BORGES LTDA - ME','Em Operação',40,355),('01.277.203/0001-92','A LOUSADA FERREIRA ME','CASTELO PIZZARIA','Em Operação',500,8),('01.323.591/0001-09','AUTO POSTO NORTE LTDA - ME','AUTO POSTO NORTE','Em Operação',20,130),('01.348.175/0001-57','BAR E RESTAURANTE CAMILLO LTDA - ME','BAR E RESTAURANTE CAMILLO','Em Operação',100,153),('01.418.153/0001-16','CANABRAVA COMERCIAL DE ALIMENTOS E DIVERSÕES LTDA.','RANCHO CANABRAVA','Em Operação',260,236),('01.422.791/0001-00','CARMEN LUCIA RIBEIRO MARQUES','AGUA NA BOKA','Em Operação',56,247),('01.506.917/0001-25','ALIMENTOS NATURAIS COMERCIAL LTDA-ME','NATURAL ALIMENTOS','Em Operação',100,73),('01.563.447/0001-31','ELEUDE MAGALHÃES  MORAES-ME','RESTAURANTE PARAÍSO','Em Operação',80,452),('01.776.980/0001-81','ALVES BRANCO COM DE PROD ALIMENTÍCIOS  LTDA EPP','RESTAURANTE TUCANOS GRILL','Em Operação',120,84),('01.778.978/0001-41','APRAZIVEL SABOR LTDA','RESTAURANTE APRAZIVEL','Em Operação',325,115),('01.793.112/0001-00','BARROS & LIMA LTDA','CHINATOWN','Em Operação',300,163),('01.891.245/0001-19','EUFELIA J SILVA','RESTAURANTE OFELIA FOOD','Em Operação',50,484),('01.937.072/0001-22','E.M.V. COMERCIO DE ALIMENTOS LTDA','BOB´S','Em Operação',70,436),('01.943.113/0001-93','E.NEGREIROA DE MOURA -ME','RESTAURANTE HORA EXTRA','Em Operação',80,437),('01.969.294/0001-27','DOCES MOMENTOS LTDA EPP','DOCES MOMENTOS LTDA EPP','Em Operação',70,418),('02.019.387/0001-53','ANTONIO MARCOS TEIXEIRA - EPP','SABOR DA CARNE ESPETOS E PETISCOS','Em Operação',100,112),('02.264.616/0001-03','EDGAR KIYOTA BARBOSA DA SILVA - ME','NIPPON PÃES','Em Operação',160,441),('02.264.674/0001-29','ANA PAULA DE MELO BORGES EPP','FINA FATIA','Em Operação',90,94),('02.474.574/0001-27','CHURRASCARIA GRABADO LTDA - EPP','CHURRASCARIA GRAMADO','Em Operação',300,295),('02.591.246/0001-00','A.B BENETTI & CIA LTDA-ME','COSTELARIA FOGO NA BRASA','Em Operação',30,21),('02.700.127/0001-49','D. BOMBIERI LANCHONETE - ME','ESPETO MANIA','Em Operação',80,367),('02.707.140/0002-00','CALDAS NOVAS HOTEIS LTDA ME','MORADA DAS AGUAS','Em Operação',200,228),('02.831.735/0001-92','ALEXANDRO LUIZ - SAO SEBASTIAO - ME','SORVETERIA SUNDAE','Em Operação',36,71),('02.900.638/0001-04','ESDAN RESTAURANTE LTDA EPP','A CABANA DO POSSIDONIO','Em Operação',200,479),('02.933.463/0001-31','AEROCALDO LTDA','AEROCALDO','Em Operação',0,47),('03.145.782/0001-45','CHURRASCARIA E POUSADA PITOMBEIRA LTDA - ME','CHURRASCARIA PITOMBEIRA','Em Operação',157,290),('03.185.546/0001-52','CATARINA FONSECA COELHO','COELHO´S ALIMENTAÇÃO','Em Operação',500,262),('03.248.275/0001-37','CLEODON JOSÉ DE OLIVEIRA - ME','CHURRASCARIA CAIPIRA','Em Operação',120,320),('03.290.681/0001-68','BARZINHO DO PIRY','BARZINHO DO PIRY','Em Operação',240,164),('03.329.419/0001-80','CASA AMARELA RESTAURANTE LTDA - ME','RESTAURANTE GAZEBO','Em Operação',130,253),('03.337.966/0001-07','BAR E RESTAURANTE BUDEGA 101 LTDA -EPP','BAR E RESTAURANTE BUDEGA 101','Em Operação',250,152),('03.344.534/0001-23','CAFETERIA ANA BANANA LTDA - ME','BONELLE CAFÉ','Em Operação',40,227),('03.418.070/0001-52','CARVALHO & SOUZA LTDA','COMPLEXO 14 BIS','Em Operação',80,251),('03.427.671/0001-21','EDISON DA SILVA ROCHA-ME','COOPER DRINKS','Em Operação',28,445),('03.515.132/0001-44','CHURRASCARIA DO BOIZINHO LTDA ME','CHURRASCARIA DO BOIZINHO','Em Operação',140,288),('03.660.361/0001-52','CELESTIAL COMERCIO DE ALIMENTOS LTDA-EPP','SPAZZIO IGUATEMI','Em Operação',70,265),('03.668.086/0001-13','CHURRASCARIA MARONEZI LTDA - EPP','CHURRASCARIA GRAMADO III','Em Operação',200,300),('03.692.413/0001-72','ARAUJO & ALVAREZ EMPREENDIMENTOS TURISTICOS LTDA.- EPP','MAR & CIA','Em Operação',800,119),('03.707.280/0001-60','ANTONIO CARLOS DA SILVA - CPF 61950106691 - ME','CANTINA DA LURDINHA','Em Operação',75,107),('03.708.641/0001-93','DIÓGENES DOS SANTOS - ME','SÓ ESFIHAS','Em Operação',40,411),('03.751.209/0001-85','BOM PALADAR ALIMENTOS LTDA','SPAZZIO VERDI','Em Operação',120,182),('03.760.307/0001-89','DEONIRO BERGER-ME','BERGUINHO´S CLUBE LAZER','Em Operação',150,401),('03.821.134/0001-61','A G RESTAURANTE E CHOPERIA LTDA - ME','BOTECO DO NECO','Em Operação',200,7),('03.970.016/0001-15','BOM ALMOÇO ALIMENTOS LTDA - ME','RESTAURANTE BOM ALMOÇO','Em Operação',200,181),('04.027.235/0003-90','CHURRASCARIA NOVILHO DE OURO LTDA ME','CHURRASCARIA PAMPAS','Em Operação',500,301),('04.095.843/0001-70','A.M.DE BONI -ME','RESTAURANTE E HOTEL SÃO JOSÉ','Em Operação',20,26),('04.097.808/0001-90','C F DA SILVA - GENEROS ALIMENTICIOS - ME','TEXANO','Em Operação',160,207),('04.117.529/0001-40','A. BRAZ DE ARAÚJO - ME','BAR E CHURRASCARIA DO ARMADO','Em Operação',150,16),('04.296.594/0001-80','CICERO XAVIER SILVA & CIA LTDA-ME','RESTAURANTE CRYSTALL GRILL','Em Operação',104,305),('04.310.915/0001-54','ANGELA MARIA LUCHI GONZALES  ME','HOTEL CANAÃ','Em Operação',8,102),('04.377.329/0001-27','BERTOLINI & BERTOLINI LTDA - ME','GUGU LANCHES','Em Operação',112,173),('04.422.806/0001-29','A CÉLIA BARROS','ENZO PARK','Em Operação',160,4),('04.432.638/0001-52','CHURRASCARIA BUGANCA LTDA-ME','CHURRASCARIA QUERO QUERO','Em Operação',97,285),('04.451.189/0001-90','BERNARDI HOTELARIA E TURISMO LTDA','BERNARDI HOTELARIA E TURISMO LTDA','Em Operação',40,171),('04.487.285/0001-98','COMERCIAL LAGE & FILHOS LTDA','SUPERMERCADO NOVA AMÉRICA','Em Operação',40,329),('04.488.719/0001-74','A M DE HOLANDA','CHURRASCARIA TROPEIRO','Em Operação',120,10),('04.516.178/0001-40','ANDRESINA JOSÉ TAVARES - ME','HOTEL E RESTAURANTE KOMILÃO','Em Operação',150,99),('04.588.481/0001-59','CLEMILDES SOARES CABELO - ME','LANCHONETE E PIZZARIA O CHOPPÃO','Em Operação',150,319),('04.798.048/0001-48','DAVID DE JESUS ANDRADE - ME','POINT AÇAI','Em Operação',50,390),('04.855.525/0001-60','CHURRASCARIA BOI GRILL LTDA - ME','CHURRASCARIA BOI GRILL','Em Operação',300,284),('04.886.649/0001-02','ALL CHEESE ALIMENTOS LTDA','COMPANHIA DO GRELHADO','Em Operação',0,75),('04.916.814/0001-21','CHEIRO DE PAO PANIFICADORA E CON VENIENCIA LTDA ME','CHEIRO DE PAO','Em Operação',20,273),('05.013.665/0001-53','EDNA CRISTINA CAMARGO DE SOUZA - ME','RESTAURANTE E CHOPERIA MODERNA','Em Operação',120,446),('05.061.116/0001-54','BAR E RESTAURANTE AIMORES LTDA','BAR ABERTURA','Em Operação',240,150),('05.152.885/0001-68','EUZEBIO MIRANDA PAREDES - EPP','ESPETINHO DO EUZEBIO','Em Operação',150,488),('05.266.878/0001-97','CENTRO DE LAZER E RECREAÇÃO WANDSCHEER LTDA - ME','WANDSCHEER RESTAURANTE E PESGUE PAGUE','Em Operação',160,269),('05.346.037/0001-90','B DE OLIVEIRA PINTO RESTAURANTE - ME','SABOR DA SERRA RESTAURANTE ','Em Operação',300,135),('05.387.096/0001-06','A.M. NOGUEIRA RESTAURANTE','A.M. NOGUEIRA RESTAURANTE ','Em Operação',240,25),('05.391.736/0001-51','CAFÉ DAS MONTANHAS LTDA ME','CAFÉ DAS MONTANHAS','Em Operação',0,224),('05.484.946/0001-94','DANIELE DE SOUZA OLIVEIRA ME','POUSADA E PESQUEIRO BOA VIDA','Em Operação',46,386),('05.514.073/0001-15','ARUANÃ EVENTOS E ASSESSORIA LTDA - ME','ARUANÃ BUFFET E RESTAURANTE','Em Operação',150,124),('05.547.496/0001-31','EMILIANA MARIA SILVA LIMA DE PAULA','BENDITA TAPIOCA','Em Operação',0,468),('05.584.167/0001-60','A.C.SAMPAIO','NUNES BAR','Em Operação',60,23),('05.621.044/0001-52','ANDES RESTAURANTE LTDA -ME','BONAPARTE','Em Operação',200,96),('05.624.626/0001-92','CRISTIANE SOUSA LIMA GOMES & CIA LTDA -EPP','PIZZA 10 +','Em Operação',150,350),('05.653.389/0001-98','CHURRASCARIA DO GAUCHO EBERHARDT LTDA ME','CHURRASCARIA DO GAUCHO','Em Operação',115,289),('05.683.518/0001-90','A MODA DA CASA PIZZARIA LTDA - EPP','A MODA DA CASA PIZZARIA','Em Operação',150,11),('05.705.958/0001-00','ENSEADA DE MARACAJAÚ PRAIA HOTEL LTDA','HOTEL ENSEADA MARACAJAÚ','Em Operação',28,476),('05.812.027/0001-00','F M FARIAS DE SOUZA - ME','F M FARIAS DE SOUZA - ME','Em Operação',50,496),('05.886.165/0001-26','ART FRIA ALIMENTOS LTDA - ME','CASA ELZA','Em Operação',20,122),('05.993.519/0001-31','F DE OLIVEIRA LOPES-ME','CHURRASCARIA DO OSCAR','Em Operação',80,495),('06.040.153/0001-49','CR DE ALMEIDA DIAS & DIAS LTDA - ME','NOSSA SENHORA DE COPACABANA','Em Operação',50,347),('06.106.560/0001-01','DANIEL MOREIRA ALVES ME','RESTAURANTE PANELA DE PEDRA','Em Operação',140,380),('06.123.788/0001-00','BAR E RESTAURANTE DO SENHOR LTDA - ME','BAR E RESTAURANTE JESSIKA','Em Operação',50,156),('06.191.898/0001-09','BOLSHOI PUB, RESTAURANTE E DANCETERIA LTDA-EPP','BOLSHOI PUB','Em Operação',100,180),('06.209.799/0001-07','D.L. SALLA - ME','CHURRASCARIA  DO GAUCHO','Em Operação',80,373),('06.232.670/0001-10','A PALU JUNIOR','JB GRILL','Em Operação',150,12),('06.312.369/0001-16','BARBAO AMERICAN BAR LTDA - EPP','UMBERRY','Em Operação',92,161),('06.351.997/0001-00','CAPPI RESTAURANTE LTDA - ME','CAPPI RESTAURANTE','Em Operação',113,242),('06.867.152/0001-72','CAFÉ CASSIS COMÉRCIO DE ALIMENTOS LTDA - EPP','CAFÉ CASSIS','Em Operação',105,222),('06.927.458/0001-77','CREPERIA LA COQUILLE LTDA - ME','PANCHO CHILLI GRILL MEXICANO E LA COQUILLE CREPERIA','Em Operação',0,349),('07.046.301/0001-03','DORALICE HENRIQUE DE CARVALHO PIRES - ME','CENTRAL LANCHES E PIZARIA II','Em Operação',80,422),('07.076.340/0001-45','DIRCE SCHMITT - ME','CHURRASCARIA BEIRA RIO','Em Operação',250,412),('07.109.353/0001-73','CJ COMÉRCIO DE ALIMENTOS LTDA -','JULIETTO','Em Operação',0,311),('07.110.746/0001-05','BIERGARTEN DE ANGRA BAR E RESTAURANTE LTDA-ME','BIERGARTEN BAR E RESTAURANTE','Em Operação',100,175),('07.123.610/0001-21','EDILSON FURTADO DE ARAÚJO - ME','RESTAURANTE E LANCHONETE TROPITALIA','Em Operação',22,444),('07.194.069/0001-42','CHURRASCARIA  E RESTAURANTE NOVA GAUCHÂO LTDA-ME','CHURRASCARIA GAUCHÃO','Em Operação',130,283),('07.326.369/0001-38','ADAILDO MONTEIRO ALVES - ME','ONDA DO MAR','Em Operação',200,38),('07.356.338/0001-20','ANTÔNIO DA SILVEIRA NETO','LANCHONETE FIM DE TARDE','Em Operação',50,109),('07.434.696/0002-94','CASAMATA COMERCIO DE PRODUTOS ALIMENTÍCIOS LTDA','RESTAURANTE ACLAMAÇÃO','Em Operação',30,260),('07.477.046/0001-45','A.NUNES CARDOSZO-ME','HOTEL E RESTAURANTE CAPIXABA','Em Operação',80,27),('07.509.543/0001-88','D. DA CUNHA CASTRO - ME','RESTAURANTE E PANIFICADORA SÃO MIGUEL','Em Operação',52,368),('07.547.527/0001-80','ALVES & DANIA LTDA - ME','ESTALAGEM USINA VELHA','Em Operação',120,83),('07.552.453/0001-70','C S BARRETO -ME','CAFE DA CAROL','Em Operação',80,211),('07.559.872/0001-33','CHURRASCARIA LANCHONETE E LOJA DE CONVENIENCIA JL LTDA','CHURRASCARIA D. PEDRO','Em Operação',100,299),('07.592.981/0001-52','DORGIVAL NASCIMENTO - POUSADA','POUSADA RAIOS DO SOL','Em Operação',200,423),('07.603.920/0001-43','BAR CONFRARIA PUB LTDA - ME','BAR CONFRARIA PUB LTDA - ME','Em Operação',228,143),('07.629.193/0001-93','AQUAVIT RESTAURANTE LTDA - EPP','AQUAVIT','Em Operação',40,116),('07.709.250/0001-44','CARNEIROS ECOTURISMO LTDA - ME','RESTAURANTE ARIKINDÁ','Em Operação',200,248),('07.735.816/0001-02','CLEITO VINICIO INEIA - ME','CHURRASCARIA, LANCHONETE E LOJA CONVENIENCIA GABRIELLY','Em Operação',180,318),('07.758.800/0001-15','ELAINE GOMES DE MORAIS','RESTAURANTE TEMPERO VERDE','Em Operação',0,451),('07.770.041/0001-06','EVANDRO LEONAN BATISTA  ME','O RAMALHETE - CIA DOS EVENTOS','Em Operação',100,489),('07.798.042/0001-69','CLEONIS DIAS DA SILVA  - ME','LANCHONETE E CONVENIENCIA ZERO GRAU','Em Operação',150,323),('07.838.751/0001-20','DAMUR S. DOS SANTOS','PIZZA DA MAMA','Em Operação',200,378),('07.844.768/0001-90','DAVILIRA RESTAURANTE E PIZZARIA LTDA - ME','CAFÉ DO CANAL','Em Operação',120,391),('07.862.047/0001-03','DIVINO RAMOS ALVES-ME','RESTAURANTE COMIDA CASEIRA DUAS IRMAS','Em Operação',50,416),('07.874.215/0001-80','ARIANI AYOUB MALOUF - EPP','ARIANI AYOUB MALOUF - EPP','Em Operação',150,120),('07.928.465/0001-56','DIVINO PEREIRA ALVES-ME','DIVINO PEREIRA ALVES-ME','Em Operação',45,415),('07.945.007/0002-06','C J A CAMPOS SERVIÇOS EPP','SUBWAY BARREIRINHAS','Em Operação',72,209),('08.242.569/0001-75','CATARINENSE ALIMENTOS LTDA','PIZZARIA  DI   FIORI','Em Operação',125,263),('08.273.637/0001-63','CIRANDEIRA BELA POUSADA E TURISMO LTDA - ME','POUSADA E BALNEARIO CIRANDEIRA BELA AMAZON CABINS','Em Operação',100,309),('08.294.013/0001-22','ADRIANA DA ROCHA SHAK ME','ESPAÇO TIBET','Em Operação',60,45),('08.312.494/0001-51','BOTECO DO CHICO BAR E RESTAURANTE LTDA ME','BOTECO DO CHICO','Em Operação',0,186),('08.318.312/0001-50','BURITI POINT SUPER LANCHES LTDA','HABIBS BURITI','Em Operação',100,202),('08.328.693/0001-58','ARAGUAIA POINT SUPER LANCHES LTDA','HABIBS','Em Operação',100,118),('08.387.405/0001-36','BLP GOMES  - EPP','RESTAURANTES SÃO GABRIEL','Em Operação',600,177),('08.451.308/0001-65','ANA LUCIA DAFFERNER','RESTAURANTE LA CABANA','Em Operação',50,92),('08.488.305/0001-04','ASA GAÚCHA RESTAURANTE LTDA - ME','ASA GAÚCHA','Em Operação',180,125),('08.491.645/0001-86','BACELAR & NOGUEIRA LTDA - ME','CAROLINA BUFFET','Em Operação',250,141),('08.608.867/0001-36','DORGIVAL SANTINO DOS SANTOS - ME','DODOKA LANCHES & CRURRASCARIA','Em Operação',52,424),('08.629.949/0001-67','COSTELÃO DO GAUCHO BAR E RESTAURANTE LTDA - ME','COSTELÃO GAUCHO','Em Operação',100,346),('08.710.781/0002-09','CHURRASCARIA GAUCHO FOZ EIRELI - ME','CHURRASCARIA DO GAUCHO','Em Operação',380,294),('08.732.997/0001-86','CASA NOVA CHURRASCARIA E PIZZARIA LTDA - ME','CASA NOVA CHURRASCARIA E PIZZARIA','Em Operação',100,258),('08.742.247/0001-95','ELIANE MARIA NITZ','PIZZARIA E CAFE AUSTRIA','Em Operação',30,455),('08.753.193/0001-63','DIAMOND RESORTS HOTEL LTDA','GOLDEN INN HOTEL','Em Operação',40,404),('08.780.761/0001-15','CARAN & VIZCAINO LTDA - ME','CASA DO JOÃO','Em Operação',200,243),('08.783.392/0001-14','EMPORIO JF LTDA ME','EMPORIO DO SALGADO','Em Operação',28,471),('08.803.690/0001-29','BRAULIA PAREDES - ME','RESTAURANTE E LANCHONETE FOGÃO CAIPIRA','Em Operação',50,190),('08.895.384/0006-74','AGROPECUARIA YEMANJA LTDA EPP','AUXERRE FLATS E HOTEL','Em Operação',60,50),('08.952.305/0001-05','E.D.F DE GALVINO - ME','HOTEL SPA PARAISO','Em Operação',40,435),('08.955.698/0001-00','ARRUDA & BASILIO LTDA - ME','VENUS','Em Operação',80,121),('08.977.334/0001-21','ALDINEIA FURTADO DA FONSECA','CHURRASCARIA DO URUBUI','Em Operação',100,61),('09.019.347/0001-50','DENISE MARIA S. FIGUEIREDO','RESTAURANTE VITÓRIA','Em Operação',100,399),('09.068.238/0001-23','C A COMÉRCIO DE ALIMENTOS LTDA - EPP','JULIETTO','Em Operação',0,205),('09.094.523/0001-19','ANDRE LUIZ MORAIS DE ALMEIDA - ME','QUIOSQUE SORVETERIA','Em Operação',30,98),('09.097.935/0001-02','ALVES CARDOSO COMÉRCIO DE PROD. ALIMENTÍCIOS LTDA','RESTAURANTE TUCANOS GRILL','Em Operação',170,85),('09.137.309/0001-00','CONFEITARIA E ROTISSERIA D´ITALIA LTDA - ME','CONFEITARIA E ROTISSERIA D´ITALIA','Em Operação',100,336),('09.157.532/0001-01','CHURRASCARIA SENHOR DO BOMFIM LTDA EPP','TCHE PICANHA','Em Operação',150,303),('09.259.640/0001-95','ETIENE RODRIGUES CARDOSO - ME','RESTAURANTE SABOR E QUALIDADE','Em Operação',140,483),('09.265.757/0001-81','AR KUSTER RESTAURANTE LTDA','AR KUSTER','Em Operação',0,117),('09.304.268/0001-91','CANYON DE COQUEIRINHO BAR E RESTAURANTE LTDA','CANYON DE COQUEIRINHO','Em Operação',300,240),('09.316.525/0001-05','CINTIA IMPERATRIZ - ME','CASA DA PIZZA','Em Operação',56,306),('09.368.211/0001-56','F. CRISTINA BARBOSA PEDROSO & CIA LTDA - ME','GLÓRIA GRILL RESTAURANTE','Em Operação',80,499),('09.418.876/0001-27','BELLO DE CARLI E CARLI LTDA EPP','LANCHONETE SIMARELLI','Em Operação',60,168),('09.442.461/0001-99','A.T.L INDUSTRIA,COMERCIO E SERVIÇOS LTDA-EPP','DOM NATO CASA DE PAES','Em Operação',70,29),('09.457.309/0001-80','ALIBABA COMERCIO DE ALIMENTO LTDA-ME','ALIBABA E OS 40 SABORES','Em Operação',80,72),('09.481.081/0001-63','ARTE - PIZZARIA E RESTAURANTE LTDA','ARTE DA PIZZA','Em Operação',141,123),('09.506.280/0001-89','DIVINO SERGIO LELES DE SOUZA','RESTAURANTE KILAO','Em Operação',84,417),('09.512.969/0001-16','ANDRESSA JIULIANA DE SOUZA SANDRI & CIA LTDA - ME','ANDRESSA JIULIANA DE SOUZA SANDRI','Em Operação',15,100),('09.520.329/0001-58','CASA BLANCA RESTAURANTE LTDA - ME','CASA BLANCA RESTAURANTE','Em Operação',140,255),('09.577.695/0001-43','EDNA NOBRE FERNANDES','CANTINHO PIZZARIA','Em Operação',86,448),('09.599.645/0001-67','A. GALVANI & GALVANI LTDA - ME','TOKA DO AÇAÍ','Em Operação',50,18),('09.645.541/0001-41','CHURRASCARIA CANELA EM BRASA  LTDA - ME','CHURRASCARIA CANELA EM BRASA','Em Operação',150,286),('09.653.498/0001-66','ESPAÇO 32 - RESTAURANTE E LANCHONETE LTDA EIRELI','ESPAÇO 32','Em Operação',50,480),('10.331.768/0001-00','ALEXANDRE MAIA DE FARIAS ME','HARAS DO MAR','Em Operação',100,69),('10.367.285/0001-57','CAVALGADA ECOLÓGICA S/A','FJORDLAND - CAVALGADA ECOLÓGICA PEDRA AZUL','Em Operação',70,264),('10.413.358/0001-08','DIVINO FOOD RESTAURANTE LTDA','DIVINO FOGAO','Em Operação',32,414),('10.519.013/0001-25','CHISTE FERREIRA RESTAURANTE LTDA - ME','CHISTE FERREIRA RESTAURANTE LTDA - ME','Em Operação',120,277),('10.523.012/0002-35','CHURRASCARIA SABOR DO SUL LTDA','CHURRASCARIA SABOR DO SUL','Em Operação',160,302),('10.571.725/0001-93','BAR E RESTAURANTE AG SILVA LTDA - ME','BAR ABERTURA','Em Operação',320,149),('10.580.005/0001-94','C. PARK RESTAURANTE E EVENTOS LTDA - ME','CENTRAL PARK','Em Operação',300,214),('10.599.031/0001-64','E&E COMÉRCIO,SERVIÇOS E REPRESENTAÇÃO DE ALIMENTOS LTDA-ME','RESTAURANTE E PIZZARIA A PRINCESINHA','Em Operação',200,430),('10.630.823/0001-54','A. DA S. CUNHA-ME','RESTAURANTE CARNE DE SOL NOSSO NORDESTE','Em Operação',160,17),('10.669.332/0001-17','A.TEIXEIRA COMERCIO - ME','PORÃO DOCES E SALGADOS','Em Operação',10,30),('10.671.775/0001-42','AÇAI DO MATO COMERCIO E PRODUTOS ALIMENTICIOS EIRELI - ME','AÇAI DO MATO','Em Operação',150,36),('10.715.468/0001-16','ALESSANDRA RIBEIRO BOTELHO','LANCHONETE CEBOLAO','Em Operação',26,64),('10.738.606/0001-82','AMAR A PIZZA  PIZZARIA   LTDA','AMAR A PIZZA PIZZARIA','Em Operação',0,86),('10.741.655/0001-74','BAR DO LINDOIA LTDA - ME','BAR DO LINDOIA','Em Operação',70,145),('10.744.426/0001-03','BAR E RESTAURANTE DO NORDESTE LTDA.','RESTAURANTE PORTO DO SIRIGADO','Em Operação',344,155),('10.747.040/0001-55','CHOPERIA CARIBE LTDA - ME','CARIBE BAR','Em Operação',500,279),('10.749.777/0001-07','BRASASUL CHURRASCARIA LTDA-ME','BRASASUL CHURRASCARIA','Em Operação',440,189),('10.823.136/0001-55','CERVEJARIA SETE COQUEIROS LTDA EPP','IMPERADOR DOS CAMAROES RESTAURANTE','Em Operação',200,270),('10.853.242/0001-81','EURICO PADILHA DA CRUZ -ME','RESTAURANTE PINGO DE OURO','Em Operação',92,486),('10.869.183/0001-30','DIO SANTO LTDA - ME','DIO SANTO','Em Operação',230,410),('10.878.605/0001-33','CABANAS RESTAURANTE LTDA ME','CABANAS RESTAURANTE','Em Operação',112,219),('10.924.991/0001-52','DOGIVAL VASCONCELOS ME','HOTEL & CHURRASCARIA O LAÇADOR','Em Operação',0,419),('11.004.583/0001-45','A FÁBRICA BAR E RESTAURANTE LTDA - ME','A FÁBRICA','Em Operação',180,5),('11.016.958/0001-97','DINAR AUGUSTO DA SILVA - ME','COM PIMENTA','Em Operação',100,408),('11.087.972/0001-81','ELIZIANE CRISTINA B. RABASCO - EPP','PICANHA´S CHURRASCARIA','Em Operação',150,462),('11.094.122/0001-00','E. & R. PIZZARIA E CHURRASCARIA LTDA - ME','PIZZARIA E CHURRASCARIA O EUCLIDES','Em Operação',200,431),('11.101.488/0001-60','CHOPPERIA DAHER PASSAGLIA LTDA - ME','HAPPY HOUR','Em Operação',80,280),('11.144.945/0001-01','COMAL LTDA','FOGÃO MINEIRO','Em Operação',100,326),('11.169.395/0001-77','DANIELA ALVES ROMÃO LARA LEITE - EIRELI - ME','DOM SEBASTIÃO PIZZA & GRILL','Em Operação',150,383),('11.181.421/0001-82','CENTRAL COMERCIO DE BEBIDAS & CONVENIENCIA LTDA - ME','CENTRAL CONVENIÊNCIA','Em Operação',200,268),('11.214.626/0001-17','ALDIOMARQUES BEZERRA DAMASCENO - ME','FRANGO DOURADO','Em Operação',80,62),('11.222.565/0001-30','EDNA FELIX DE ALMEIDA','BAR DA EDINHA','Em Operação',64,447),('11.242.459/0001-18','ALVES & CARNEIRO RESTAURANTE LTDA - ME','RESTAURANTE ENGENHO D´ OURO - A CASA DA GALINHA CAIPIRA','Em Operação',90,82),('11.301.609/0001-17','ALOPESCOMERCIAL LTDA ME','A FAZENDINHA','Em Operação',20,79),('11.310.143/0001-16','CASA OLIVA RESTAURANTE LTDA - EPP','CASA OLIVA','Em Operação',160,259),('11.398.867/0001-63','ERISVALDO ALVES DA SILVA-ME','CHURRASCARIA DO BIGODE','Em Operação',200,478),('11.410.558/0001-61','ECO SPAZZIO TROPICAL LTDA','ECO SPAZZIO TROPICAL','Em Operação',100,439),('11.479.355/0001-21','A G NERY - ME','PIZZARIA PAULISTANA','Em Operação',150,6),('11.490.039/0001-50','ANDRE LUIS DA SILVA ME','RECANTO DO LAGO','Em Operação',200,97),('11.556.082/0001-71','C. SILVA LOPES ME','BELA PIZZA','Em Operação',100,215),('11.673.384/0001-20','COSTA VAZ COMERCIO DE ALIMENTOS LTDA','BOB´S','Em Operação',70,344),('11.723.033/0001-86','DILMAR E MENDES LTDA - ME','YOOKI SUSHI','Em Operação',600,407),('11.914.332/0001-06','ABEL CISCON FONSECA 48225215168','','Em Operação',100,34),('12.018.100/0001-24','CELIA BRAZÃO RIBEIRO','LANCHONETE BRAZÃO','Em Operação',20,266),('12.029.821/0001-30','ALDEIA CHOPERIA LTDA - ME','ALDEIA CHOPERIA','Em Operação',176,60),('12.068.008/0001-79','CHURRASCARIA GRAMADO E GRAMADO EIRELLI - ME','CHURRASCARIA GRAMADO IV','Em Operação',200,296),('12.098.377/0001-04','ALMEIDA E DIAS LTDA - ME','SKINÃO LANCHES','Em Operação',100,77),('12.109.884/0001-04','BZS COMBUSTIVEIS LTDA','BZS COMBUSTIVEIS','Em Operação',25,203),('12.146.671/0001-44','BOI BRASIL ALIMENTOS LTDA','BOI BRASIL ALIMENTOS','Em Operação',60,179),('12.160.896/0001-55','CAFE COM LEITE GASTRONOMIA LTDA - ME','CAFÉ COM LEITE','Em Operação',0,223),('12.212.209/0001-06','B R RIBEIRO & CIA LTDA - ME','LIONS GRILL','Em Operação',300,138),('12.235.945/0001-71','ANTONIO AVELINO GOMES - ME','ANTONIO DO GALETO','Em Operação',35,106),('12.278.130/0002-50','C F DA SILVA -ME','CHURRASCARIA POR DO SOL','Em Operação',40,208),('12.352.319/0001-65','BROTAS ALIMENTAÇÃO E ECOTURISMO LTDA - EPP','BROTAS BAR','Em Operação',120,195),('12.374.221/0001-09','COMPANHIA DO SALGADO LTDA ME','ACL DOCE SABOR','Em Operação',40,334),('12.392.729/0001-30','DID S COMERCIO DE ALIMENTOS LTDA','DID S','Em Operação',80,405),('12.398.925/0001-11','CARLOS HENRIQUE DA CUNHA - ME','PURO SABOR','Em Operação',150,246),('12.430.573/0001-34','AGX COMERCIO DE ALIMENTOS LTDA','DOMINO´S PIZZA - BATEL','Em Operação',20,51),('12.430.573/0002-15','AGX COMERCIO DE ALIMENTOS LTDA','DOMINO´S PIZZA - PORTÃO','Em Operação',12,52),('12.459.508/0001-31','CELIO DE ASSIS MONTEIRO-ME','RANCHO PIRASSUARE','Em Operação',36,267),('12.481.125/0001-60','CULAU & CIA LTDA - EPP','DOLCE CAFÉ','Em Operação',200,354),('12.560.004/0001-03','CUNHA DA CAMARA ALIMENTOS LTDA-ME','CUNHA DA CAMARA ALIMENTOS','Em Operação',30,357),('12.560.004/0002-94','CUNHA DA CAMARA ALIMENTOS','BOB´S  SHOPPING RIO VERDE','Em Operação',30,356),('12.560.004/0003-75','CUNHA DA CAMARA ALIMENTOS LTDA -ME','BOB´S HAVANA','Em Operação',30,358),('12.560.004/0004-56','CUNHA DA CAMARA ALIMENTOS LTDA ME','BOB´S QUIOSQUE BURITI','Em Operação',30,359),('12.560.004/0005-37','CUNHADA CAMARA ALIMENTOS LTDA -ME','BOB´S BURITI','Em Operação',30,360),('12.560.061/0001-92','A M CASTRO DE OLIVEIRA-ME','OBA RESTAURANTE','Em Operação',80,9),('12.568.385/0001-77','BERNARDO DA CRUZ DE PAULA - ME','PIZZARIA PALADAR','Em Operação',50,172),('12.581.263/0001-10','E.A.B.DE.DEUS-ME','BAR E RESTAURANTE ASA BRANCA','Em Operação',85,434),('12.645.350/0001-94','CANTINA ENGENHO GRILL EIRELI ME','CANTINA ENGENHO GRILL','Em Operação',95,238),('12.664.468/0001-60','DANILO DO CARMO DA SILVA - ME','VILLA MARÍTIMA','Em Operação',80,387),('12.710.988/0001-61','ALEX TADEU DAMICO POUSADA - ME','POUSO SAMBAQUIS & CIRIBAI','Em Operação',24,66),('12.839.456/0001-29','DAL CAROBO & CIA LTDA ME','CHURASCARIA DAL CAROBO','Em Operação',70,375),('12.850.585/0001-18','CAMPINAS FRUTOS DO MAR RESTAURANTE LTDA - EPP','VIVENDA DO CAMARÃO','Em Operação',100,234),('12.905.586/0001-12','A.C.DE SOUZA GONÇAVES','CHURRASCARIA E RESTAURANTE RODEIO','Em Operação',55,22),('13.028.262/0001-06','BAR DO JOCA LTDA ME','BAR DO JOCA','Em Operação',100,144),('13.097.676/0001-97','ANA LOURDES DIAS PEDROSO DA CRUZ  62136593153','ANA LOURDES DIAS CARDOSO DA CRUZ','Em Operação',30,90),('13.102.979/0001-50','CAPIBA LOCAÇÃO E TURISMO LTDA - ME','CAPIBA LOCAÇÃO','Em Operação',100,241),('13.330.548/0001-41','CASSIANI ANGELI - ME','BAR ELITE','Em Operação',100,261),('13.422.994/0001-86','ANTONIO PORFIRIO DOS SANTOS 10189920220','BAR E RESTAURANTE BRISA DO MAR-ME','Em Operação',40,114),('13.497.202/0001-32','CIOCOLATERIA COMÉRCIO DE ALIMENTOS LTDA EPP','CIOCOLATERIA','Em Operação',24,308),('13.523.813/0001-08','ANTONIA PEREIRA DA FROTA','PEIXARIA CASA VERDE','Em Operação',50,105),('13.652.337/0001-25','ALQUIMIA RESTAURANTE','AC ALQUIMIA RESTAURANTE LTDA ME','Em Operação',60,80),('13.666.357/0001-55','DANIELA OLIVEIRA LETTERIELLO - ME','BOCCA EMPÓRIO DA PIZZA','Em Operação',400,385),('13.722.366/0001-16','ELIOSMAR ALONSO TEIXEIRA','CACTUS BAR','Em Operação',150,459),('13.753.707/0001-10','CLEBER KNIESS 07653389988','SÍTIO COLINA','Em Operação',80,316),('13.760.013/0001-00','ELAINE CRISTINA RODRIGUES DA SILVA - ME','SORVETERIA ALASKA','Em Operação',50,450),('13.771.888/0001-08','C & A RESTAURANTE E PIZZARIA  LTDA - ME','RESTAURANTE, LANCHONETE E PIZZARIA 10+','Em Operação',250,204),('13.817.361/0001-77','CALIFORNIOS RESTAURANTE E CHOPERIA EIRELI - EPP','CALIFORNIOS','Em Operação',400,230),('13.822.289/0001-76','BENTO´S BAR E RESTAURANTE LTDA - ME','BENTO´S BAR E RESTAURANTE','Em Operação',120,169),('13.862.160/0001-91','D. A. M. MACEDO - ME','CANTINA PANTANEIRA','Em Operação',60,366),('13.869.652/0001-09','DILEUSA MARTINS - ME','AROMAS CAFE E ARMAZEM CONVENIENCIA','Em Operação',80,406),('13.904.074/0001-02','AVENIDA PALACE HOTEL LTDA ME','AVENIDA PALACE HOTEL','Em Operação',100,132),('13.939.748/0001-04','DELGADO & ZANINELI LTDA - ME','DECK','Em Operação',50,395),('14.008.566/0001-74','CHOOPANA COMÉRCIO DE ALIMENTOS LTDA EPP','CHOOPANA GRILL','Em Operação',300,278),('14.068.453/0001-64','DELICIAS DA JANE & CIA LTDA - ME','PASTEIS DA JANE','Em Operação',100,396),('14.222.544/0001-02','B. P. DA SILVA RESTAURANTE - ME','FELIPE RESTAURANTE','Em Operação',250,139),('14.234.077/0001-30','AVENIDA ALIMENTAÇÃO LTDA - ME','RESTAURANTE AVENIDA','Em Operação',70,131),('14.262.645/0001-07','CAMERINA NATIVIDADE DA SILVA -  ME','NATI RESTAURANTE','Em Operação',50,231),('14.284.810/0001-21','BOM PASTOR LANCHES LTDA - ME','BOM PASTOR LANCHES','Em Operação',100,183),('14.292.452/0001-07','CHURRASCARIA HOTEL TRIANGULO','HOTEL TRIANGULO','Em Operação',200,298),('14.292.585/0001-75','CHURRASCARIA ESTRELA LTDA ME','CHURRASCARIA ESTRELA','Em Operação',86,293),('14.329.809/0001-76','A.S DE OLIVEIRA - ME','RESTAURANTE PARAENCE','Em Operação',50,28),('14.341.343/0001-24','EMPREENDIMENTOS RESTAURANTE DO NICO DA ESTANCIA DE SOCORRO LTDA - EPP','EMPREENDIMENTOS RESTAURANTE DO NICO DA ESTANCIA DE SOCORRO LTDA - EPP','Em Operação',250,472),('14.353.923/0001-31','ADALGISA FERREIRA CLEMENTINO','RESTAURANTE DO QUIXADÁ','Em Operação',84,40),('14.362.875/0001-48','A.F.DE SOUZA','RESTAURANTE LIDER','Em Operação',45,24),('14.371.051/0001-34','DEMOCRATICO COMERCIO E SERVIÇOS LTDA - ME','DEMOCRATICO COMERCIO E SERVIÇOS','Em Operação',200,398),('14.376.253/0001-79','C A E - SERVIÇOS GASTRONOMICOS E EVENTOS LTDA - ME','C A E  - SERVIÇOS E EVENTOS','Em Operação',120,206),('14.377.401/0001-70','ELOISA CRISTINA DA COSTA SANTOS - ME','GUIMA´S COZINHA E BAR','Em Operação',130,465),('14.431.690/0001-48','ANTONIO MARCOS DE JESUS PORTELA 88255468153','','Em Operação',20,111),('14.496.286/0001-52','ALDO XAVIER - ME','LIDER CONVENIENCIA','Em Operação',10,63),('14.593.087/0001-62','ALANIA FERNANDA DA COSTA BARROS ME','ALANIA FERNANDA DA COSTA BARROS ME','Em Operação',50,57),('14.645.721/0001-63','CHURRASCARIA ESPETTU S NA BRASA','CHURRASCARIA ESPETTU S NA BRASA','Em Operação',150,292),('14.649.063/0001-88','A R KAFER - ME','RESTAURANTE DO GAUCHO','Em Operação',180,13),('14.653.589/0001-31','ELLU´S RESTAURANTE E CHURRASCARIA EIRELI','OTHON CHURRASCARIA','Em Operação',135,463),('14.657.582/0001-98','ANTONIO DA SILVA 39970086987 - ME','ANTONIO DA SILVA 39970086987 - ME','Em Operação',140,108),('14.673.976/0001-30','ALEXANDRE TAYSON SANTOS - ME','RESTAURANTE E LANCHONETE VALE VERDE','Em Operação',120,70),('14.683.166/0001-64','ALAY N BARCELOS - ME','POUSADA MORADA DA LUA','Em Operação',36,58),('14.758.147/0001-50','E. FERNANDES DA SILVA - ME','PRETINHOS BAR','Em Operação',200,432),('14.879.932/0001-60','EDIANE CRISTINA RIBEIRO DE SOUZA ME','FRUTOS DE GOIAS','Em Operação',50,442),('14.905.864/0001-67','ALEXANDRE FREDRICH - ME','RESTAURANTE E LANCHONETE DO BOSQUE','Em Operação',150,68),('14.916.271/0001-04','CALDOS 24 HORAS LTDA - EPP','CALDOS 24 HORAS','Em Operação',400,229),('14.980.275/0002-24','ERICA ANDRADE CUNHA - ME','ERICA ANDRADE CUNHA','Em Operação',40,477),('14.983.551/0001-27','ENEIAS LAGARES NETO & CIA LTDA-ME','ENEIAS BAR SUPER BOWLING','Em Operação',180,474),('15.193.424/0001-97','EVONALDO MARTINS DE LIMA','PIZZARIA,SORVETERIA A LA CARTE MADU','Em Operação',150,491),('15.275.199/0001-38','AA EMPREEENDIMENTOS HOTEIS E EVENTOS LTDA ME','POUSADA RIBEIRAO DO BOI','Em Operação',65,31),('15.276.936/0001-17','CASA DE CALDOS KI SABOR LTDA-ME','CASA DE CALDOS KI SABOR','Em Operação',100,256),('15.288.016/0001-19','CAFE SHOPPING COMERCIO DE ALIMENTOS LTDA','FRANS CAFE','Em Operação',40,226),('15.337.148/0001-93','CRISWINSKI COMERCIO DE PIZZAS E MASSAS PRÉ ASSADOS LTDA - ME','REDE LEVE PIZZA PRÉ-ASSADAS','Em Operação',30,352),('15.338.675/0001-12','A. GUILHERME IMP & EXP - ME','RESTAURANTE ARENA DO APETITE','Em Operação',40,19),('15.359.986/0001-68','ELZA APARECIDA DAS NEVES CASSARO','PIRA RESTAURANTE','Em Operação',60,466),('15.407.743/0001-58','AZEVEDO E ABREU LTDA - ME','PINHEIROS HOTEL','Em Operação',130,134),('15.417.591/0001-74','E S ODASHIRO ORGANIZAÇÃO E EVENTOS ME','E S ODASHIRO ORGANIZAÇÃO E EVENTOS ME','Em Operação',180,429),('15.421.543/0001-50','D V S DE SOUSA EIRELI','RESTAURANTE PARAÍSO DO ATALAIA','Em Operação',100,365),('15.427.306/0001-04','AWA EMPREENDIMENTOS TURÍSTICOS LTDA','POUSADA E RESTAURANTE SANTIAGO','Em Operação',120,133),('15.482.185/0001-95','CHURRASCARIA E RESTAURANTE GUAPORE LTDA - ME','CHURRASCARIA E RESTAURANTE GUAPORÉ','Em Operação',250,291),('15.522.363/0001-64','D PIANNA HOTEL LTDA - EPP','PIANNA HOTEL','Em Operação',100,364),('15.588.545/0001-38','B. RODRIGUES BARROS EIRELI -EPP','TRIGOS GOURMET','Em Operação',144,140),('15.589.816/0001-70','A&F RESTAURANTE LTDA ME','RESTAURANTE TANTICO','Em Operação',80,15),('15.661.807/0001-42','BIKE SHOW COMERCIO & SERVICOS LTDA - ME','PÉ DE BIKE','Em Operação',30,176),('15.674.697/0001-53','CRISTIANO ALVES RICARTE 07728265792','SITIO TOINZE','Em Operação',300,351),('15.730.143/0001-26','F C P.DOS SANTOS','CHURRASCARIA ESQUINA DO SABOR','Em Operação',80,493),('15.762.866/0001-07','DELANNOY E DELANNOY LTDA - ME','PREABEACH VILLAS','Em Operação',50,394),('15.790.647/0001-31','D. J. DO PRADO - ME','RESTAURANTE ALBA ALBANEZE','Em Operação',60,370),('15.800.445/0001-23','F M RESTAURANTE BAR E COMERCIO DE ALIMENTOS LTDA - ME','BENDITA´S','Em Operação',120,497),('15.810.140/0001-00','D. DA SILVA SOUSA LANCHONETE-ME','LANCHONETE ALTO ASTRAL','Em Operação',40,369),('15.826.439/0001-45','ELIANE CAETANO DE AMORIM','RESTAURANTE SABOR INTERNACIONAL','Em Operação',150,453),('15.862.996/0001-11','CANTO DO VALE ATELIER GOURMET - EIRELI','CANTO DO VALE','Em Operação',0,239),('16.704.685/0001-97','DANIEL RODRIGUES DE LIMA','','Em Operação',160,381),('16.846.015/0001-05','EDUARDO JOSE DOS SANTOS 66203406791','TOQUED´ CHEF GASTRONOMIA & EVENTOS','Em Operação',150,449),('16.850.322/0001-60','CAFÉ DELICIA LTDA - ME','CAFÉ DELICIA','Em Operação',9,225),('16.988.013/0001-50','EURIDES PAIVA DE ARAUJO-ME','EMPORIUM LIA','Em Operação',50,487),('17.040.591/0001-23','CHOPPOINT ALIMENTOS LTDA-ME','CHOPP POINT','Em Operação',100,281),('17.101.341/0001-56','ALVARO REMIGIO DE ARAUJO FILHO 03892395349','CASA DE EVENTOS PALCO','Em Operação',150,81),('17.204.471/0001-14','EUNICE BORGES FERREIRA PRATES TOMAZ 01827196181','LANCHONETE E RESTAURANTE MEU CANTINHO','Em Operação',50,485),('17.236.868/0001-98','DALINE RESTAURANTE LTDA-ME','DALINE RESTAURANTE','Em Operação',56,376),('17.276.424/0001-86','ALEXANDRE AUGUSTO CROCCO PRETO-ME','EMPORIO DA CHAPADA','Em Operação',48,67),('17.336.687/0001-33','ADEGA MARIANO - EIRELI - ME','ADEGA MARIANO','Em Operação',120,42),('17.473.363/0001-47','BEATRIZ MARIA GOBBI DORNELLES - ME','RESTAURANTE E CHURRASCARIA JEITO CAIPIRA','Em Operação',50,167),('17.474.915/0001-31','DAMASIOS GRILL RESTAURANTE LTDA - EPP','DAMASIOS GRILL','Em Operação',320,377),('17.502.354/0001-37','CANAA INDUSTRIA E COMERCIO DE ALIMENTOS EIRELI - EPP','PANIFICADORA HOLLYWOOD','Em Operação',50,235),('17.512.544/0001-35','CORSETTI E CORSETTI RESTAURANTE LTDA EPP','JERICÓ RESTAURANTE E PETISCARIA','Em Operação',200,343),('17.556.956/0001-77','CLAUDINEIA O.DIAS -ME','RESTAURANTE VERDÃO','Em Operação',80,315),('17.574.894/0001-26','ELIZETE NASCIMENTO MONTEIRO','D´GUST','Em Operação',100,461),('17.647.669/0001-72','CLEONICE SOUZA DE SIQUEIRA 63129558187','LANCHONETE AVENIDA','Em Operação',32,322),('17.670.956/0001-01','AILTON CESAR DA SILVA EIRELI','PIRACICABAS RESTAURANTE','Em Operação',180,54),('17.674.563/0001-68','ANA KARINA SANTOS MONTEIRO LOPES 77878779520','COZINHA ARTESANAL','Em Operação',0,89),('17.677.161/0001-17','AIMAR TINA - ME','GENGHIS KHAN CULINÁRIA ORIENTAL','Em Operação',60,55),('17.754.849/0001-53','BAR E RESTAURANTE SERTÃO BRASILEIRO LTDA - ME','EXPRESSO DO SERTÃO','Em Operação',20,159),('17.825.203/0001-10','CAMILA FRANCIELE NUNES BISSOLI - ME','PEIXARIA DO BARRIGA','Em Operação',180,233),('17.882.347/0001-08','BESSA BEACH HOTEL E SERVICOS LTDA -ME','BESSA BEACH HOTEL','Em Operação',68,174),('17.936.734/0001-80','ANTONIO MARIANO DE DEUS','PETISCO TENDA ARABE','Em Operação',150,113),('17.956.586/0001-65','BRENO,BRAUMER E JUSTINO RESTAURANTE E POUSADA LTDA - ME','DOM RESTAURANTE E POUSADA','Em Operação',200,192),('18.189.618/0001-07','ESPACO BBLOC ESCALADA EM BOULDER LTDA - EPP','ESPACO BBLOC ESCALADA EM BOULDER LTDA - EPP','Em Operação',25,481),('18.191.942/0001-60','CONSTRUTORA RIBEIRO & NEGRELLI LTDA','RESTAURANTE SABOR DE MINAS','Em Operação',80,338),('18.290.519/0001-17','ANNAS EMPREENDIMENTOS TURISTICOS LTDA-ME','ANNAS HOSPEDAGEM','Em Operação',30,104),('18.391.189/0001-56','EMPÓRIO DO CAFÉ LTDA - ME','EMPÓRIO DO CAFÉ LTDA - ME','Em Operação',20,469),('18.563.042/0001-04','COIMBRA E CARDOSO RESTAURANTE LTDA ME','D.O.C. FOOD & WINE BAR','Em Operação',58,325),('18.725.079/0001-83','CASA BENEDITA RESTAURANTE LTDA - ME','ESPAÇO CASA BENEDITA','Em Operação',150,254),('18.761.808/0001-57','E. V . R DE MORAES - ME','ADEGA GOURMET 3 TANINOS','Em Operação',40,433),('18.804.418/0001-17','AGX II - PIZZARIA EIRELI','DOMINO´S PIZZA - JUVEVÊ','Em Operação',22,53),('18.881.241/0001-52','ANGELA MARIA GOMES','PIZZARIA MAMMA MIA','Em Operação',60,101),('19.133.613/0001-25','D A DE AZEVEDO PIZZARIA E RESTAURANTE -  ME','PIZZARIA E RESTAURANTE TOCA DA PIZZA','Em Operação',30,362),('19.144.052/0001-60','DEBORA CHIOGNA-ME','DEBORA CHIOGNA-ME','Em Operação',20,393),('19.162.372/0001-42','BAHREM BAR E RESTAURANTE LTDA - ME','BAHREM','Em Operação',1000,142),('19.176.660/0001-56','COMBRAY GASTRONOMIA E RESTAURANTE LTDA - ME','COMBRAY GASTRONOMIA','Em Operação',2000,327),('19.244.867/0001-10','A. RIBEIRO & SOUZA LTDA - ME','HAMBURGUERIA GRILL BURGER','Em Operação',72,20),('19.279.242/0001-94','EDILSON DO SOCORRO ROBERTO DE LIMA 18511554220','TAPIOCARIA REGIONAL','Em Operação',28,443),('19.287.700/0001-37','ABDUL AHAD SAAD EMPORIO LTDA - ME','ABDUL AHAD SAAD EMPORIO LTDA - ME','Em Implantação',100,33),('19.420.498/0001-70','C R J FAST FOOD LTDA - EPP','THE BURGERS DOURADOS','Em Operação',150,210),('19.434.413/0001-02','CASA DE CALDOS POTIGUAR LTDA - EPP','CASA DE CARNE POTIGUAR','Em Operação',300,257),('19.440.389/0001-14','CAMILA ANDRESSA ASTOLPHI SCHIFFLER - ME','FRANGHINHO DO PAPA LEGUA','Em Operação',50,232),('19.474.088/0001-01','CLEBESON NUNES DOS SANTOS 84822368220','BAR FREE GELO - ME','Em Operação',10,317),('19.511.494/0001-05','D JUNQUEIRA DO AMARAL EIRELI-ME','RESTAURANTE CASA DA VOVÓ','Em Operação',120,363),('19.519.316/0001-12','BRUNO JOSE DE SOUSA SANTOS 01980925208','RESTAURANTE TEMPERO DOS GATINHO','Em Operação',34,200),('19.529.461/0001-84','D.L RESTAURANTES LTDA-ME','OKKAI JAPANESE N´FUSION','Em Operação',92,372),('19.586.662/0001-13','AKAHOSHI & AKAHOSHI LTDA - ME','OLD DOG','Em Operação',140,56),('19.705.967/0001-05','CIRLENE BRANDÃO DE MORAES - ME','KITUTS DE CIRLENE','Em Operação',70,310),('19.742.891/0001-80','BRISA DO COCHÁ HOTEIS E SERVIÇOS LTDA - ME','HOTEL BRISA DO COCHÁ','Em Operação',60,193),('19.812.448/0001-38','COMIDA QUENTE COMÉRCIO DE ALIMENTOS LTDA - ME','COMIDA QUENTE RESTAURANTE GRILL','Em Operação',128,333),('19.910.396/0001-32','BAR E RESTAURANTE DITADO POPULAR LTDA - ME','DITADO POPULAR','Em Operação',200,154),('19.922.856/0001-42','CARDOSO ALVES CHURRASCARIA E COMERCIO LTDA - ME','EXPRESSO 251','Em Operação',160,244),('19.945.143/0001-02','COMERCIO DE CALDOS POTIGUAR LTDA - EPP','POTIGUAR CALDOS','Em Operação',200,331),('19.964.339/0001-36','CLARICE BATISTA GOMES EIRELE-ME','MACROFOOD','Em Operação',100,312),('20.025.403/0001-00','DEONETE RODRIGUES ESTUMANO','ROUTE 66','Em Operação',200,400),('20.138.297/0001-63','DA MATTA E PENHA COMERCIO DE ALIMENTOS  LTDA-ME','SUBWAY','Em Operação',92,374),('20.153.316/0001-20','ATAPUS RESTURANTE BAR BUZIOS LTDA - ME','ATAPUS','Em Operação',48,126),('20.175.900/0001-87','AMICO ASA NORTE COMÉRCIO DE ALIMENTOS LTDA - EPP','DOMINO´S PIZZA','Em Operação',40,87),('20.200.050/0001-20','BUCHI E BUCHI LTDA','CHURRASCARIA SUDOESTE','Em Operação',120,201),('20.243.280/0001-76','BC COMERCIO DE ALIMENTOS LTDA - ME','BC COMERCIO DE ALIMENTOS LTDA ME','Em Operação',50,166),('20.246.178/0001-24','ESPETARIA UBATUBA RESTAURANTE E BAR LTDA - ME','ESPETARIA UBATUBA RESTAURANTE E BAR LTDA - ME','Em Operação',120,482),('20.256.960/0001-24','CLAUDIANA SANTOS NASCIMENTO','RESTAURANTE O BAMBU','Em Operação',150,314),('20.347.342/0001-90','CARLOS BARBOSA FELIZARDO','SELVAGEM GRUPO','Em Operação',100,245),('20.390.405/0001-90','ADEMIR COSTA -ME','SABOR GOIANO','Em Operação',30,43),('20.457.593/0001-27','CREMILSON CARLOS ATAIDE VIANA 71347151249','POUSADA DAS ÁGUIAS','Em Operação',250,348),('20.461.971/0001-46','DB DA SILVA ALIMENTOS','FORNALHA SALGADEIRA','Em Operação',50,392),('20.503.841/0001-29','DANIEL COSTA MARTINS 26799952287','DACMAR PETISCOS-ME','Em Operação',40,379),('20.555.290/0001-47','CACAU SERRA LTDA - ME','CACAU SERRA','Em Operação',20,220),('20.598.950/0001-77','BAR E LANCHONETE CACHOEIRA DA VO TUTI LTDA - ME','BAR E LANCHONETE CACHOEIRA DA VO TUTI','Em Operação',20,146),('20.602.253/0001-42','CLAUDIANA ARAUJO DE ALCANTARA 54845696304','POUSADA & RESTAURANTE RECANTO DOS PÁSSAROS','Em Operação',75,313),('20.679.888/0001-48','DARLIANE SOUZA SANTOS - 10782957439','VELHO CHICO TUR','Em Operação',20,388),('20.759.975/0001-05','BATATA QUENTE LTDA-ME','BATATA QUENTE','Em Operação',200,165),('20.835.896/0001-36','DVNS PRODUTOS ALIMENTÍCIOS EIRELI - EPP','DVNS ALIMENTOS','Em Operação',40,426),('20.870.475/0001-46','BONANI BEER NOVO HORIZONTE LTDA - ME','BONANI BEER NOVO HORIZONTE LTDA - ME','Em Operação',240,185),('20.919.158/0001-77','D´ FAROBAR E RESTAURANTE LTDA - ME','D´ FARO BAR E RESTAURANTE','Em Implantação',120,361),('20.925.687/0001-83','BRUNNO LEONARDO SILVA DE SOUTO-ME','JPM RESTAURANTE','Em Operação',200,198),('20.932.453/0001-63','ANALAURA I. T. GONÇALVEZ EIRELLI - ME','SANTO GRILLO','Em Operação',55,95),('20.949.734/0001-29','CAROLINE M. CANTELE - ME','HOTEL DDC','Em Operação',40,250),('20.956.516/0001-11','BOM SABOR SELF SERVICE LTDA - ME','CONSTRUVILLE','Em Operação',60,184),('20.962.727/0001-67','BRUNA DE F. BARROS - ME','NO BOTECO RESTAURANTE','Em Operação',60,196),('21.040.689/0001-58','ENIDES DE ATAIDE ORMONDE 45972214172','NINHAL DAS ARARAS','Em Operação',30,475),('21.111.245/0001-66','BARRICA VINHOS LTDA','BARRICA','Em Operação',40,162),('21.156.478/0001-85','B R A COMERCIO DE ALIMENTOS LTDA - ME','B R A COMERCIO DE ALIMENTOS LTDA - ME','Em Operação',40,137),('21.219.445/0001-37','ANIELLO GENTILE EIRELI-ME','HOTEL CASARÃO AMAZÔNIA','Em Operação',60,103),('21.286.278/0001-47','3H COMERCIO DE ALIMENTOS LTDA - ME','3H COMERCIO DE ALIMENTOS','Em Operação',500,2),('21.288.186/0001-04','BAR JARDIM CULTURAL EIRELI - EPP','O JARDIM CULTURAL ','Em Operação',300,160),('21.313.682/0001-62','CHICKEN CIDADE NOVA FAST FOOD- EIRELI ME','CHICKEN CIDADE NOVA FAST FOOD','Em Operação',160,274),('21.338.266/0001-19','DINARDI E NARDINI LTDA','CHICAGO STEAKHOUSE','Em Operação',200,409),('21.346.202/0001-60','D. W. S. FREITAS COMÉRCIO - EPP','RESTAURANTE FOGÃO GOIANO','Em Operação',150,371),('21.389.362/0001-96','ELIZANGELA ORTEGA - ME','RESTAURANTE DO MARCO VELHO','Em Operação',88,460),('21.424.088/0001-49','ECT CARDOSO RESTAURANTE LTDA - ME','RESTAURANTE E LANCHONETE FILE CANDANGO','Em Operação',100,440),('21.468.524/0001-81','ALMEIDA PASSOS ALIMENTOS LTDA - ME','ALMEIDA PASSOS ALIMENTOS','Em Operação',40,78),('21.490.288/0001-08','CINTRA E ALMEIDA LTDA - ME','CINTRA E ALMEIDA LTDA - ME','Em Operação',50,307),('21.496.548/0001-44','DANIELA BARBOSA DO NASCIMENTO BOTELHO','SUSHI DELIVERY CRISTALINA','Em Operação',40,384),('21.499.696/0001-12','CORDEIRO SANTOS & TOLEDO LTDA - ME','BOI LINDOIA & CIA','Em Operação',300,342),('21.501.045/0001-10','CAROLINA GIL PINHEIRO GUIMARAES 31701382865','TIPITI CAFE BAR','Em Operação',32,249),('21.582.583/0001-86','ALMEIDA CAFE COMERCIO DE ALIMENTICIOS LTDA - ME','CASA PILÃO','Em Operação',36,76),('21.587.201/0001-07','BENVENUTO´S GASTRONOMIA E ENTRETENIMENTO LTDA - ME','BENVENUTO´S GASTRONOMIA CONVENIENCIA E ENTRETENIMENTO','Em Operação',120,170),('21.662.424/0001-91','BAR E LANCHONETE PIRAPATOS LTDA - ME','BAR E LANCHONETE PIRAPATOS LTDA - ME','Em Operação',50,148),('21.676.846/0001-16','CHURRASCARIA VARANDA VERDE LTDA','CHURRASCARIA VARANDA VERDE','Em Operação',320,304),('21.755.154/0001-63','EMBARCA FRANQUIAS E RESTAURANTE LTDA - ME','TOMATZO','Em Operação',40,467),('21.833.416/0001-60','ADRIANA DE FATIMA SILVA','ROCA CHIC RESTAURANTE E HAMBURGUERIA','Em Operação',80,46),('21.870.094/0001-20','DONA SINHA RESTAURANTE E PETISCARIA EIRELI - ME','DONA SINHA RESTAURANTE E PETISCARIA','Em Operação',60,421),('21.938.549/0001-00','BRADO COMERCIO DE ALIMENTOS VAREJISTA EIRELI ME','THE ORIGINAL ACAI BRAVO ','Em Operação',8,188),('21.998.418/0001-00','DRV RESTAURANTE E EXPRESS LTDA','DETROIT STEAKHOUSE','Em Operação',140,425),('22.041.233/0001-75','ELO ALIMENTOS LTDA-ME','LA PIZZA','Em Operação',60,464),('22.104.342/0001-94','AÇAI ZERO GRAU EIRELI - ME','AÇAI ZERO GRAU','Em Implantação',50,37),('22.220.352/0001-95','CONVENIENCIA E PETISCARIA MONTANA LTDA - ME','MONTANA CONVENIENCIA E PETISCARIA','Em Operação',150,339),('22.279.156/0001-96','BRUNNA CECY PEREIRA CORTEZ & CIA LTDA-ME','HOTEL BEIRA RIO','Em Operação',20,197),('22.416.111/0001-16','ELIANE DE SOUZA NOVELLO - EIRELI - ME','BABY PIZZARIA E SORVETERIA','Em Operação',200,454),('22.418.664/0001-08','AUGUSTO DIAS PEDROSO 07290902645','MATO GROSSO AGENCIA DE VIAGENS E TURISMO','Em Operação',50,127),('22.446.218/0001-07','E S MARCINEIRO - ME','BAR E RESTAURANTE DO ZEZÃO','Em Operação',50,428),('22.564.155/0001-93','ALCINO ALBERTO NASCIMENTO DOS SANTOS 08650084427','RESTAURANTE DEGHUST','Em Operação',200,59),('22.596.363/0001-74','BOURBOM CAFE LTDA - ME','BOURBOM CAFÉ','Em Operação',150,187),('22.704.204/0001-46','CLEVERTON CASAGRANDEPOLLI EIRELI - EPP','RESTAURANTE REAL SABOR','Em Operação',120,324),('22.715.974/0001-94','CANOVA & VIEIRA SILVA LTDA - ME','EMPORIUM DAS BEBIDAS','Em Operação',20,237),('22.725.924/0001-98','EMPORIO FCG RESTAURANTE EIRELI - ME','BECO DAS GARRAFAS ','Em Implantação',40,470),('22.727.170/0001-05','ABINADABE DA SILVA - ME','GRATITUDE CAFETERIA','Em Operação',30,35),('22.751.730/0001-67','C. IORIS - ME','CHINA EXPRESS','Em Operação',150,213),('22.838.706/0001-60','CARVALHO E BELLO COMÉRCIO DE ALIMENTOS LTDA - ME','FRANGO NO POTE','Em Operação',80,252),('22.848.181/0001-43','AURENILSA FERREIRA DE SOUSA MENDES','RESTAURANTE SERRA LINDA','Em Operação',200,129),('22.939.167/0001-55','COOPERATIVA DE TURISMO E ARTESANATO DA FLORESTA-TURIARTE','TURIARTE','Em Operação',21,341),('23.056.700/0001-01','COSTCHELARIA - DEGUSTAÇÃO DE COSTELAS LTDA - ME','COSTCHELARIA - DEGUSTAÇÃO DE COSTELAS','Em Operação',120,345),('23.186.660/0001-04','COMIDA & ARTE LTDA - ME','COMIDA & ARTE','Em Implantação',100,332),('23.373.402/0001-37','ANA PAULA DE ASSIS SANTANA 97015016400','QUENTINHA DA ANA','Em Operação',25,93),('23.380.380/0001-32','CHARLYNGTON DA SILVA E SILVA 52326039220','CACAUWAY BELÉM','Em Operação',6,272),('23.390.678/0001-23','A B COSTELARIA LTDA-ME','COSTELARIA FOGO NA BRASA','Em Operação',30,3),('23.483.921/0001-58','CHIQUINHO SORVETERIA LTDA - EPP','CHIQUINHO SORVETES CPA ','Em Implantação',30,276),('23.724.517/0001-29','A W DE OLIVEIRA - ME','LAGO DO ROBERTINHO','Em Operação',100,14),('23.797.856/0001-35','14 BIS CHOPERIA E RESTAURANTE LTDA - ME','14 BIS CHOPERIA E RESTAURANTE','Em Operação',100,1),('23.827.769/0001-83','BAR E LANCHONETE FREIRE LTDA ME','LANCHESBAR FREIRE','Em Operação',48,147),('23.889.634/0001-42','CONVÉS POUSADA LTDA - EPP','CONVÉS POUSADA','Em Operação',40,340),('24.072.732/0001-55','AURELIO COSTA RESTAURANTES E LANCHONETES EIRELI - ME','PANELINHAS DO BRASIL SHOPPING CERRADO','Em Operação',70,128),('24.249.509/0001-30','ADÃO GONÇALVES DE BASTOS FILHO 00067011160','CACHOEIRAS BAR','Em Operação',100,41),('24.341.559/0001-43','AAJ RESTAURANTE 157DF LTDA -ME','','Em Implantação',50,32),('24.400.983/0001-11','C.V. SHIMUK POLICHETTI - ME','CABANA DO PEIXE','Em Operação',50,218),('24.660.065/0001-21','AMICO GOIANIA COMERCIO DE ALIMENTOS LTDA','DOMINO´S PIZZA','Em Operação',40,88),('24.765.861/0001-29','F R S LEMOS ALIMENTAÇÕES - ME','F R S LEMOS ALIMENTAÇÕES - ME','Em Operação',60,498),('25.023.706/0001-08','CONFEITARIA E SORVETERIA COLANDY LTDA - ME','LANCHONETE COLANDY','Em Operação',30,337),('26.436.600/0001-90','DANIEL SOUZA DA SILVA - ME','BAR BUDEGA','Em Operação',40,382),('26.463.976/0001-94','CROISSANTERIE ALIMENTAÇÃO LTDA - ME','CROISSANTERIE','Em Operação',70,353),('26.834.523/0001-27','EVANILDO JOAQUIM DE AMORIM - ME','GALPÃO RESTAURANTE CHURRASCARIA E PEIXARIA','Em Operação',140,490),('27.475.482/0001-92','CHURRASCARIA CARRETÃO LTDA-EPP','CHURRASCARIA CARRETÃO','Em Operação',150,287),('31.337.298/0001-53','BRAVÍSSIMO BAR E RESTAURANTE LTDA','BRAVÍSSIMO BAR E RESTAURANTE LTDA','Em Operação',160,191),('32.396.293/0001-64','ADILSON ALVES DE SOUSA - ME','RESTAURANTE BOQUEIRÃO','Em Operação',94,44),('32.621.484/0001-82','F C  VAZ SAMPAIO - ME','DONA CHIKA KA','Em Operação',80,492),('32.942.369/0001-00','CLEOLENES  P DE SOUZA - EPP','LANCHONETE E PIZZARIA QUIBOM','Em Operação',320,321),('32.979.841/0001-89','DHEIN DHEIN & CIA LTDA','DHEIN DHEIN & CIA LTDA','Em Operação',30,402),('33.039.959/0001-90','CAFÉ BARBACENA LTDA','CARMELO CAFÉ','Em Operação',100,221),('33.143.652/0001-34','E MOREIRA COMERCIAL ME','VERDE FRUTTI','Em Operação',60,427),('33.351.834/0001-09','ENEIA LAGARES NETO-EPP','ENEIAS BAR & CONVENIENCIA','Em Operação',68,473),('34.642.579/0001-08','DOM GIUSEPPE COMERCIO E SERVIÇOS LTDA EPP','DOM GIUSEPPE COMERCIO E SERVIÇOS LTDA EPP','Em Operação',120,420),('37.570.181/0001-00','COMERCIAL JULIFRAN LTDA - ME','COMERCIAL JULIFRAN','Em Operação',100,328),('39.277.058/0001-12','COMERCIAL MULLER LTDA ME','SABOR DA VILA','Em Operação',120,330),('39.332.770/0001-77','BAR E RESTAURANTE JARDIM DA PEMHA LTDA - ME','ABERTURA BAR','Em Operação',300,157),('39.332.770/0002-58','BAR E RESTAURANTE JARDIM DA PENHA LTDA','VITÓRIA BURGER','Em Operação',320,158),('39.810.551/0001-56','C.P.DE ASSIS','CALDO DE CANA DO CÉLIO','Em Operação',60,216),('60.439.759/0001-05','C.R. DO LAGO KAIAMBA - ME','KAIAMBA DRINK´S E FRUTOS DO MAR','Em Operação',200,217),('66.542.002/0032-17','BLUE TREE HOTELS & RESORTS DO BRASIL S/A','BLUE TREE PREMIUM TOWERS RIO VERDE','Em Operação',200,178),('69.665.669/0001-07','CH RODRIGUES HOTELARIA E COMÉRCIO LTDA- ME','CONFRARIA UCHÔA','Em Operação',450,271),('70.362.835/0001-77','ELIAS LONGO - EPP','FRANGO NA BRASA','Em Operação',25,456),('71.168.470/0001-07','ANTONIO GUERINO  DA SILVA - ME','BAR E RESTAURANTE DO GUERINO','Em Operação',300,110),('73.890.113/0001-83','DAVI ALVES - ME','RESTAURANTE PANTANAL','Em Operação',150,389),('74.383.670/0001-70','BRUNO JOSE DE COSTA - ITAPEVA - ME','RESTAURANTE E LANCHONETE ESPLANADA','Em Operação',200,199),('83.325.183/0001-42','CHURRASCARIA GUAPORE LTDA','CHURRASCARIA GAUCHA','Em Operação',90,297),('83.578.393/0001-42','ANA LUCIA DA C. SARAIVA-ME','SABOREA','Em Operação',80,91),('83.897.934/0001-03','BRITO & CUNHA LTDA','PEIXARIA DO ANTONIO','Em Operação',200,194),('84.303.908/0001-64','B P JUNIOR-ME','DITO´S BAR E RESTAURANTE','Em Operação',80,136),('84.304.765/0001-05','AFA HOTEIS & TURISMO LTDA','AFA HOTEL','Em Operação',80,48),('84.316.546/0001-46','F D MAIA -ME','ARARAS BAR E RESTAURANTE','Em Operação',100,494),('84.322.213/0002-00','ELIEZER DA SILVA -ME','PIZZARIA DO PATETÃO','Em Operação',150,458),('84.322.213/0003-91','ELIEZER DA SILVA - ME','PIZZARIA DO PATETÃO','Em Operação',50,457),('84.326.388/0001-05','E.S.ALVES',' TALHERES RESTAURANTE','Em Operação',80,438),('89.846.489/0001-20','ADAIR BURIN - ME','RESTARANTE BURIN','Em Operação',150,39),('90.578.451/0001-01','DELITZZI RESTAURANTE E FAST FOOD LTDA EIRELI','DELITZZI','Em Operação',50,397);
/*!40000 ALTER TABLE `EMPRESA` ENABLE KEYS */;
UNLOCK TABLES;

--
-- Table structure for table `EMPRESA_EMAIL`
--

DROP TABLE IF EXISTS `EMPRESA_EMAIL`;
/*!40101 SET @saved_cs_client     = @@character_set_client */;
/*!40101 SET character_set_client = utf8 */;
CREATE TABLE `EMPRESA_EMAIL` (
  `email` varchar(41) NOT NULL,
  `cnpj` varchar(18) NOT NULL,
  PRIMARY KEY (`email`,`cnpj`),
  KEY `cnpj` (`cnpj`),
  CONSTRAINT `EMPRESA_EMAIL_ibfk_1` FOREIGN KEY (`cnpj`) REFERENCES `EMPRESA` (`cnpj`) ON DELETE CASCADE
) ENGINE=InnoDB DEFAULT CHARSET=latin1;
/*!40101 SET character_set_client = @saved_cs_client */;

--
-- Dumping data for table `EMPRESA_EMAIL`
--

LOCK TABLES `EMPRESA_EMAIL` WRITE;
/*!40000 ALTER TABLE `EMPRESA_EMAIL` DISABLE KEYS */;
INSERT INTO `EMPRESA_EMAIL` VALUES ('diparmarot@hotmail.com','00.101.413/0001-62'),('baronesapp@superig.com.br','00.193.508/0001-53'),('queromaistga@hotmail.com','00.360.212/0001-80'),('sandragamaregis@gmail.com','00.378.163/0001-02'),('diceumaronzi@yahoo.com.br','00.735.389/0001-13'),('naopossui@naopossui.com.br','00.742.049/0001-10'),('ynarasena@hotmail.com','00.754.980/0001-18'),('celsol77102@yahoo.com.br','00.781.247/0001-92'),('contabil26@hotmail.com','00.986.059/0001-09'),('giragrill@hotmail.com','00.986.059/0001-09'),('restaurantedomano@gmail.com','01.031.452/0001-01'),('escrita@asteccontabil.com','01.049.992/0001-04'),('casteloencantadopizzaria@hotmail.com','01.277.203/0001-92'),('adm.autopostonorte@gmail.com','01.323.591/0001-09'),('rodrigo@restaurantecamillo.com.br','01.348.175/0001-57'),('ranchocanabrava@gmail.com','01.418.153/0001-16'),('moni-@hotmail.com','01.422.791/0001-00'),('nmonireserva@hotmail.com','01.422.791/0001-00'),('orlindofernando@gmail.com','01.506.917/0001-25'),('ritapacheconasciment1@hotmail.com','01.563.447/0001-31'),('alvesbranco88@gmail.com','01.776.980/0001-81'),('jussara@aprazivel.com.br','01.778.978/0001-41'),('chinatiwncg@gmail.com','01.793.112/0001-00'),('ofeliafood@gmail.com','01.891.245/0001-19'),('catarina.rh@bobsms.com.br','01.937.072/0001-22'),('restaurantehoraextra@hotmail.com','01.943.113/0001-93'),('rogerio@docesmomentos.com','01.969.294/0001-27'),('teixeiraseg@terra.com.br','02.019.387/0001-53'),('nipponpaes@hotmail.com','02.264.616/0001-03'),('rodrigo@assecontabilidade.com.br','02.264.616/0001-03'),('contato@finafatia.com','02.264.674/0001-29'),('fernando@congelcontabilidade.com.br','02.474.574/0001-27'),('damatacontabilidade@gmail.com','02.591.246/0001-00'),('espetomania1@gmail.com','02.700.127/0001-49'),('fabio@hotelmorada.com.br','02.707.140/0002-00'),('alesorveteriasundae@gmail.com','02.831.735/0001-92'),('cabanacg@gmail.com','02.900.638/0001-04'),('luizfernandocabral90@gmail.com','02.933.463/0001-31'),('cppitombeira@hotmail.com','03.145.782/0001-45'),('coelhosbar@gmail.com','03.185.546/0001-52'),('cleodonjoseoliveira@terra.com.br','03.248.275/0001-37'),('danillo.ramos@gmail.com','03.290.681/0001-68'),('delio.cardoso@globo.com','03.329.419/0001-80'),('restaurantebudega@yahoo.com.br','03.337.966/0001-07'),('vitorsantana@hotmail.com','03.344.534/0001-23'),('complexo14bis@uol.com.br','03.418.070/0001-52'),('cadastro@jdmcontabil.com.br','03.427.671/0001-21'),('helina.uechi@bumlai.com.br','03.515.132/0001-44'),('spazziocontabil@hotmail.com','03.660.361/0001-52'),('fernando@congelcontabilidade.com.br','03.668.086/0001-13'),('cristianemarecia@gmail.com','03.692.413/0001-72'),('info@piscinasnaturais.com.br','03.692.413/0001-72'),('antoniocarlosnene@yahoo.com.br','03.707.280/0001-60'),('mrcon@terra.com.br','03.708.641/0001-93'),('spazziocontabil@hotmail.com','03.751.209/0001-85'),('berguinhos@hotmail.com','03.760.307/0001-89'),('botecodoneco@hotmail.com','03.821.134/0001-61'),('d.kemmer@hotmail.com','03.821.134/0001-61'),('rest.bomalmoco@hotmail.com','03.970.016/0001-15'),('pampa@churrascariapampa.com.br','04.027.235/0003-90'),('ingridacre2010@hotmail.com','04.095.843/0001-70'),('carlosferreiradas@gmail.com','04.097.808/0001-90'),('daniregiane@hotmail.com','04.117.529/0001-40'),('rezende.contador@bol.br','04.296.594/0001-80'),('hotelcanaa@outlook.com','04.310.915/0001-54'),('exata@bonitonline.com.br','04.377.329/0001-27'),('magazinevieira@bol.com.br','04.422.806/0001-29'),('turismo@camposnovos.sc.gov.br','04.432.638/0001-52'),('plazahoteljp@hotmail.com','04.451.189/0001-90'),('roseduartelage@hotmail.com.br','04.487.285/0001-98'),('churrascariatropeiro@hotmail.com','04.488.719/0001-74'),('andresina@komilao.net','04.516.178/0001-40'),('escritorio.dinamico@hotmail.com','04.588.481/0001-59'),('david_pointacai@hotmail.com','04.798.048/0001-48'),('osvaldo@grupobelo.com.br','04.855.525/0001-60'),('moni@companhiadogrelhado.com.br','04.886.649/0001-02'),('cheirodepao@hotmail.com','04.916.814/0001-21'),('rest.moderna@hotmail.com','05.013.665/0001-53'),('admpc@barabertura.com.br','05.061.116/0001-54'),('imadacontabilidade@hotmail.com','05.152.885/0001-68'),('rogeriowandscheer@hotmail.com','05.266.878/0001-97'),('sabordaserra128@hotmail.com','05.346.037/0001-90'),('adriano@restauranteclassea.com.br','05.387.096/0001-06'),('cafedasmontanhas@gmail.com','05.391.736/0001-51'),('docinho19@bol.com.br','05.484.946/0001-94'),('aruanafinanceiro@gmail.com','05.514.073/0001-15'),('benditatapioca@hotmail.com','05.547.496/0001-31'),('nunesedete@hotmail.com','05.584.167/0001-60'),('bonapartecg@gmail.com','05.621.044/0001-52'),('acacia.contabilidadefiscal@gmail.com','05.624.626/0001-92'),('contabilidadenilta@bol.com.br','05.653.389/0001-98'),('hbrito2107@gmail.com','05.683.518/0001-90'),('elianemp@rn.gov.br','05.705.958/0001-00'),('grippodan@yahoo.com.br','05.705.958/0001-00'),('mychelifarias@hotmail.com','05.812.027/0001-00'),('celioramiro@hotmail.com','05.886.165/0001-26'),('kuikkolopes@hotmail.com','05.993.519/0001-31'),('c.r.almeidadias@hotmail.com','06.040.153/0001-49'),('danielmoreira@yahoo.com.br','06.106.560/0001-01'),('allyssonpuc@yahoo.com.br','06.123.788/0001-00'),('danuza@bolshoipub.com.br','06.191.898/0001-09'),('gauchochurrascaria@hotmail.com','06.209.799/0001-07'),('ari.palu@gmail.com','06.232.670/0001-10'),('umrry@terra.com.br','06.312.369/0001-16'),('cappi.restaurante@hotmail.com','06.351.997/0001-00'),('contato@cafecassis.com.br','06.867.152/0001-72'),('leila@ewlbrindes.com.br','06.927.458/0001-77'),('contato@inovaocontabilidade.net.br','07.046.301/0001-03'),('beirariochurrascaria@hotmail.com','07.076.340/0001-45'),('julietto@julietto.com.br','07.109.353/0001-73'),('angraconangra@hotmail.com','07.110.746/0001-05'),('pr.edilsonfurtado@hotmail.com','07.123.610/0001-21'),('nonagaucha@gmail.com','07.194.069/0001-42'),('adaondadomar@gmail.com','07.326.369/0001-38'),('alberramos@ibest.com.br','07.356.338/0001-20'),('luizpassos2@gmail.com','07.434.696/0002-94'),('aurelianofcardoso@gmail.com','07.477.046/0001-45'),('edggilson@hotmail.com','07.509.543/0001-88'),('cristina@hotmail.com','07.547.527/0001-80'),('cafecarol@hotmail.com.br','07.552.453/0001-70'),('n_contabilidade@yahoo.com.br','07.559.872/0001-33'),('pousadaraiodosol@gmail.com','07.592.981/0001-52'),('confrariapub@yahoo.com.br','07.603.920/0001-43'),('simonlaucederholm@hotmail.com','07.629.193/0001-93'),('davi@pousadapraiadoscarneiros.com.br','07.709.250/0001-44'),('suporte@agenciagenese.com.br','07.735.816/0001-02'),('everaldo0403@gmail.com','07.758.800/0001-15'),('evandro.leonan@gmail.com','07.770.041/0001-06'),('garcialima.cont@brturbo.com.br','07.798.042/0001-69'),('damur_santiago@hotmail.com','07.838.751/0001-20'),('cafedocanal@hotmail.com','07.844.768/0001-90'),('niveabernardes@hotmail.com','07.862.047/0001-03'),('ariani@grupoas.com.br','07.874.215/0001-80'),('divino@hotmail.com','07.928.465/0001-56'),('fenixproducoes.slz@gmail.com','07.945.007/0002-06'),('ivar@difioripizza.com.br','08.242.569/0001-75'),('contato@cirandeiraamazoncabins.com','08.273.637/0001-63'),('lunnaezanara@hotmail.com','08.273.637/0001-63'),('espacotibet@espacotibet.com.br','08.294.013/0001-22'),('botecodochico@terra.com.br','08.312.494/0001-51'),('t63@habibs.com.br','08.318.312/0001-50'),('t63@habibs.com.br','08.328.693/0001-58'),('jjbmad@hotmail.com','08.387.405/0001-36'),('analacabana@gmail.com','08.451.308/0001-65'),('asagaucharestaurante@gmail.com','08.488.305/0001-04'),('moises.bacelar@gmail.com','08.491.645/0001-86'),('econ.andre@bol.com.br','08.608.867/0001-36'),('fernando@congelcontabilidade.com.br','08.629.949/0001-67'),('churrascaria_gaucho@hotmail.com','08.710.781/0002-09'),('ednea_carnevalli@sicredi.com.br','08.732.997/0001-86'),('sergio_alves100@hotmail.com','08.742.247/0001-95'),('hotelgoldeinn@hotmail.com','08.753.193/0001-63'),('casadojoao@casadojoao.com.br','08.780.761/0001-15'),('meire_lipe@hotmail.com','08.783.392/0001-14'),('oliverjoelson@gmail.com','08.803.690/0001-29'),('adm@auxerre.com.br','08.895.384/0006-74'),('hotelspaparaiso@hotmail.com','08.952.305/0001-05'),('escrita@asteccontabil.com','08.955.698/0001-00'),('zs-peterson@hotmail.com','08.977.334/0001-21'),('leto-tk@hotmail.com','09.019.347/0001-50'),('julietto@julietto.com.br','09.068.238/0001-23'),('g.alves.marques@uol.com.br','09.094.523/0001-19'),('wania.almeida@hotmail.com','09.094.523/0001-19'),('alvesbranco88@gmail.com','09.097.935/0001-02'),('ditaliacnp@hotmail.com','09.137.309/0001-00'),('gcon.contabil@terra.com.br','09.157.532/0001-01'),('salvesnunes@bol.com.br','09.259.640/0001-95'),('botecodochico@terra.com.br','09.265.757/0001-81'),('davifeitosa@oi.com.br','09.304.268/0001-91'),('mega.contabil33@gmail.com','09.316.525/0001-05'),('espeteriagloria@hotmail.com','09.368.211/0001-56'),('datacon@dataweb.adm.br','09.418.876/0001-27'),('acirema.castro@globo.com','09.442.461/0001-99'),('alibababelem@hotmail.com','09.457.309/0001-80'),('artedapizzajp@hotmail.com','09.481.081/0001-63'),('sandra.contabosa@bol.com.br','09.506.280/0001-89'),('renigarcia@gmail.com','09.512.969/0001-16'),('casablancarestaurantemtgo@gmail.com','09.520.329/0001-58'),('ocantinhopizzaria@bol.com.br','09.577.695/0001-43'),('monebaetz@hotmail.com','09.599.645/0001-67'),('brunojr.cardoso@hotmail.com','09.645.541/0001-41'),('lisianekrause@cgcontadores.com.br','09.653.498/0001-66'),('alexmaia@globo.com','10.331.768/0001-00'),('fabricia@cavalgadapedraazul.com.br','10.367.285/0001-57'),('jorge@cavalgadapedraazul.com.br','10.367.285/0001-57'),('divinofogaogyn@hotmail.com','10.413.358/0001-08'),('monicachiste@hotmail.com','10.519.013/0001-25'),('refugiodalouca@globo.com','10.519.013/0001-25'),('sabordosul@hotmail.com','10.523.012/0002-35'),('adm@barabertura.com.br','10.571.725/0001-93'),('cparkescritorio@gmail.com','10.580.005/0001-94'),('cparkeventos@gmail.com','10.580.005/0001-94'),('restauranteaprincesinha@yahoo.com.br','10.599.031/0001-64'),('denasmaciel@hotmail.com','10.630.823/0001-54'),('poraosalgados@hotmail.com','10.669.332/0001-17'),('marcosvital@hotmail.com','10.671.775/0001-42'),('sc-contabil@hotmail.com','10.715.468/0001-16'),('controlarbrasil@controlarbrasil.com.br','10.738.606/0001-82'),('bardolindoia@gmail.com','10.741.655/0001-74'),('contato@design2web.com.br','10.744.426/0001-03'),('pedroarodrigues@live.com','10.747.040/0001-55'),('contato@brasasul.com.br','10.749.777/0001-07'),('contato@imperadordoscamaroes.com.br','10.823.136/0001-55'),('euricopadilha@hotmail.com','10.853.242/0001-81'),('mepsms@hotmail.com','10.869.183/0001-30'),('valerianunes.1803@hotmail.com','10.878.605/0001-33'),('lacadorpousadaechurrascaria@hotmail.com','10.924.991/0001-52'),('afabricabar@hotmail.com','11.004.583/0001-45'),('leryssdinah123@hotmail.com','11.016.958/0001-97'),('churrascariapicanhasjuara@gmail.com','11.087.972/0001-81'),('ooeuclides.oliveira@hotmail.com','11.094.122/0001-00'),('robsonsilverioluz@gmail.com','11.101.488/0001-60'),('elizaamaral@globo.com','11.144.945/0001-01'),('pvgastronomia@gmail.com','11.169.395/0001-77'),('central.conveniencia@hotmail.com','11.181.421/0001-82'),('hotel_granmarques@hotmail.com','11.214.626/0001-17'),('karla19_machado@hotmail.com','11.222.565/0001-30'),('ericobudapa@hotmail.com','11.242.459/0001-18'),('distribuidoralelei@hotmail.com','11.301.609/0001-17'),('moedacontabil@yahoo.com.br','11.310.143/0001-16'),('cce.adtur@gmail.com','11.398.867/0001-63'),('ecospazzio@gmail.com','11.410.558/0001-61'),('lunneyni@hotmail.com','11.479.355/0001-21'),('douglas.godoi@bb.com.br','11.490.039/0001-50'),('cristianolopes07@hotmail.com','11.556.082/0001-71'),('catarina.rh@bobsms.com.br','11.673.384/0001-20'),('eudes_gomesfilho@hotmail.com','11.723.033/0001-86'),('mony-vital@hotmail.com','11.914.332/0001-06'),('priscilaartes@hotmail.com','12.018.100/0001-24'),('lanchoneteterrasanta@hotmail.com','12.029.821/0001-30'),('fernando@congelcontabilidade.com.br','12.068.008/0001-79'),('laurenice83@hotmail.com','12.098.377/0001-04'),('rmcont.contabil@hotmail.com','12.098.377/0001-04'),('postodaytona@gmail.com','12.109.884/0001-04'),('ct.bh@terra.com.br','12.146.671/0001-44'),('nandobraga@hy.com.br','12.160.896/0001-55'),('vitinsroo@hotmail.com','12.212.209/0001-06'),('antoniogaleto@gmail.com','12.235.945/0001-71'),('lobotur@live.com','12.278.130/0002-50'),('daniela@brotasbar.com.br','12.352.319/0001-65'),('positivacontabil@hotmail.com','12.374.221/0001-09'),('day_davantel@hotmail.com','12.392.729/0001-30'),('cunha-h@hotmail.com','12.398.925/0001-11'),('bguerios@hotmail.com','12.430.573/0001-34'),('lguerios@hotmail.com','12.430.573/0001-34'),('bguerios@hotmail.com','12.430.573/0002-15'),('lguerios@hotmail.com','12.430.573/0002-15'),('cadastro@jdmcontabil.com.br','12.459.508/0001-31'),('julianemoreno@bb.com.br','12.481.125/0001-60'),('reserva@hotelvitoriaregia.com.br','12.560.004/0001-03'),('reverva@hotelvitoriaregia.com.br','12.560.004/0002-94'),('reserva@hotelvitoriaregia.com.br','12.560.004/0003-75'),('reserva@hotelvitoriaregia.com.br','12.560.004/0004-56'),('reserva@hotelvitiria.com.br','12.560.004/0005-37'),('castro.antonia@hotmail.com','12.560.061/0001-92'),('beadepaula@ibest.com.br','12.568.385/0001-77'),('laionbrito@hotmail.com','12.581.263/0001-10'),('atendimento@amorimcontabilidade.net','12.645.350/0001-94'),('villamaritima@hotmail.com','12.664.468/0001-60'),('alex@ciribai.com','12.710.988/0001-61'),('churrascariadalcarobo@gmail.com','12.839.456/0001-29'),('pedro@marbrasil.net.br','12.850.585/0001-18'),('churrascaria.rodeio@hotmail.com','12.905.586/0001-12'),('larabrunelli@yahoo.com.br','13.028.262/0001-06'),('inaiafrancis@hotmail.com','13.097.676/0001-97'),('delmfernandes@hotmail.com','13.102.979/0001-50'),('trold@yahoo.com.br','13.330.548/0001-41'),('brisadomar27@yahoo.com.br','13.422.994/0001-86'),('cecilia@cioccolateria.com.br','13.497.202/0001-32'),('rober@cioccolateria.com.br','13.497.202/0001-32'),('jaquelinepinheiro_47@hotmail.com','13.523.813/0001-08'),('am.lima61@uol.com.br','13.652.337/0001-25'),('daniletteriello@gmail.com','13.666.357/0001-55'),('uniaopnn@hotmail.com','13.722.366/0001-16'),('cloviskniess@gmail.com','13.753.707/0001-10'),('elaine_cristina_ec@hotmail.com','13.760.013/0001-00'),('acacia.contabilidade@hotmail.com','13.771.888/0001-08'),('joaoclecio.toledo@bol.com.br','13.817.361/0001-77'),('thiago@escritoriomiranda.com.br','13.822.289/0001-76'),('danilomacedo2689@gmail.com','13.862.160/0001-91'),('gabrielauniclin@hotmail.com','13.869.652/0001-09'),('avenidahotel@live.com','13.904.074/0001-02'),('krash@krash.com.br','13.939.748/0001-04'),('nivaldo.c.neto@bol.com.br','14.008.566/0001-74'),('tadeuwtg@infonet.com.br','14.068.453/0001-64'),('pazdasilva@gmail.com','14.222.544/0001-02'),('alber2007@globomail.com','14.234.077/0001-30'),('organzacaoalmeidams@hotmail.com','14.262.645/0001-07'),('bompastorlanches@gmail.com.br','14.284.810/0001-21'),('gutoscarpanti@gmail.com.br','14.284.810/0001-21'),('triangulo@hotmail.com','14.292.452/0001-07'),('chuestrela@gmail.com','14.292.585/0001-75'),('estelasouza2011@hotmail.com','14.329.809/0001-76'),('marta@grinbergsvillagehotel.tur.br','14.341.343/0001-24'),('lulu.marcia@hotmail.com','14.353.923/0001-31'),('lider_fj@hotmial.com','14.362.875/0001-48'),('julianobw@hotmail.com','14.371.051/0001-34'),('reservas@jbhotel.com.br','14.376.253/0001-79'),('marmitasemarmitex@gmail.com','14.377.401/0001-70'),('contato@divinoparaiso.com.br','14.431.690/0001-48'),('marcosshema@hotmail.com','14.431.690/0001-48'),('aldo.xavier@hotmail.com','14.496.286/0001-52'),('alaniabarros@hotmail.com','14.593.087/0001-62'),('espettusnabrasa@hotmail.com','14.645.721/0001-63'),('douglaskafer97@gmail.com','14.649.063/0001-88'),('gcon.geral@uol.com.br','14.653.589/0001-31'),('solangedosreis@terra.com.br','14.653.589/0001-31'),('elizabetedallecort@hotmail.com','14.657.582/0001-98'),('valeverdejaciara@hotmail.com','14.673.976/0001-30'),('crjj@crjjcontabilidade.com.br','14.683.166/0001-64'),('sovernigoconsultoria@hotmail.com','14.683.166/0001-64'),('mayanabg@hotmail.com','14.758.147/0001-50'),('pedropaulo_david@hotmail.com','14.879.932/0001-60'),('escrita@asteccontabil.com','14.905.864/0001-67'),('rhcaldos24h@hotmail.com','14.916.271/0001-04'),('mercadinho-bom@bol.com.br','14.980.275/0002-24'),('lopeslagares@hotmail.com','14.983.551/0001-27'),('evonaldo.acre@gmail.com','15.193.424/0001-97'),('contatos@pousadribeiraodoboi.com.br','15.275.199/0001-38'),('wanderlucioamaral@hotmail.com','15.275.199/0001-38'),('casadecaldoskisabor@yahoo.com.br','15.276.936/0001-17'),('geraldo.mello@brasiliashopping.com.br','15.288.016/0001-19'),('cuiaba.cpa@redelevepizza.com.br','15.337.148/0001-93'),('aristondm2010@gmail.com','15.338.675/0001-12'),('pirarestaurante@hotmail.com','15.359.986/0001-68'),('alexabreu10@yahoo.com.br','15.407.743/0001-58'),('jricardogalmeida@hotmail.com','15.407.743/0001-58'),('reservas@boavistaecohotel.com','15.417.591/0001-74'),('setursal@gmail.com','15.421.543/0001-50'),('dhscom@hotmail.com','15.427.306/0001-04'),('churrasariaguapore@bol.com.br','15.482.185/0001-95'),('ad.porfirio@uol.com.br','15.522.363/0001-64'),('adm.aroldo@uol.com.br','15.522.363/0001-64'),('trigosadm@gmail.com','15.588.545/0001-38'),('sentabil@bol.com.br','15.589.816/0001-70'),('anapaula@pedebike.com','15.661.807/0001-42'),('fiscal@digitalcontabil.com.br','15.661.807/0001-42'),('sitiotoinze@hotmail.com','15.674.697/0001-53'),('camilacarpaneda@hotmail.com','15.730.143/0001-26'),('delannoyfamily74@gmail.com','15.762.866/0001-07'),('antonio.albaneze@hotmail.com','15.790.647/0001-31'),('benditosrestaurante@gmail.com','15.800.445/0001-23'),('juracorretor@gmail.com','15.810.140/0001-00'),('saborinternacional@hotmail.com','15.826.439/0001-45'),('cantodovale@hotmail.com','15.862.996/0001-11'),('marilene@hotmail.com','16.704.685/0001-97'),('eduardo1960@bool.com.br','16.846.015/0001-05'),('plscampos@uol.com.br','16.850.322/0001-60'),('antonyc4@gmail.com','16.988.013/0001-50'),('choppoint.adm@gmail.com','17.040.591/0001-23'),('acyayres@hotmail.com','17.101.341/0001-56'),('rmeucantinho@hotmail.com','17.204.471/0001-14'),('dalinerestaurante@hotmail.com','17.236.868/0001-98'),('emporioalto@gmail.com','17.276.424/0001-86'),('adilson_paivamariano@yahoo.com','17.336.687/0001-33'),('beamgobbi@hotmail.com','17.473.363/0001-47'),('solucaocontab@hotmail.com','17.474.915/0001-31'),('turismo.canaa@hotmail.com','17.502.354/0001-37'),('fecontabilidade.df@gmail.com','17.512.544/0001-35'),('claudinhamorena_20@hotmail.com','17.556.956/0001-77'),('ronivon32@hotmail.com','17.574.894/0001-26'),('nice2009181@hotmail.com','17.647.669/0001-72'),('piracicabarestaurante@gmail.com','17.670.956/0001-01'),('cozinha@cozinhartesanal.com.br','17.674.563/0001-68'),('contabilbandeirantes@top.com.br','17.677.161/0001-17'),('thiagopach@gmail.com','17.754.849/0001-53'),('camila.bissoli@hotmail.com','17.825.203/0001-10'),('jansilvamma96@gmail.com','17.882.347/0001-08'),('edyth-silva@hotmail.com.br','17.936.734/0001-80'),('dom_restauranteepousada@hotmail.com','17.956.586/0001-65'),('espacobbloc@gmail.com','18.189.618/0001-07'),('chistianegrelli@hotmail.com','18.191.942/0001-60'),('hostel@annas.tur.br','18.290.519/0001-17'),('luana_salomao@hotmail.com','18.391.189/0001-56'),('restaurantedocdf@gmail.com','18.563.042/0001-04'),('casabenedita@gmail.com','18.725.079/0001-83'),('prospectaiuna@hotmail.com','18.761.808/0001-57'),('bguerios@hotmail.com','18.804.418/0001-17'),('lguerios@hotmail.com','18.804.418/0001-17'),('anderson_rodrigues4@hotmail.com','18.881.241/0001-52'),('niedjadantas@hotmail.com','19.133.613/0001-25'),('montanalanches@hotmail.com','19.144.052/0001-60'),('izidio@gmail.com','19.162.372/0001-42'),('giuliano@combray.com.br','19.176.660/0001-56'),('adalbertoribeirogerh@gmail.com','19.244.867/0001-10'),('edilsonlima8@yahoo.com.br','19.279.242/0001-94'),('elianemsdd@gmail.com','19.287.700/0001-37'),('dourados@theburgers.com.br','19.420.498/0001-70'),('neyitatiaia@hotmail.com','19.434.413/0001-02'),('franguinhopapaleguas@gmail.com','19.440.389/0001-14'),('freegelo.me@gmail.com','19.474.088/0001-01'),('djamaralnfe@gmail.com','19.511.494/0001-05'),('brunocnpj@hotmail.com','19.519.316/0001-12'),('okkai@outlook.com','19.529.461/0001-84'),('olddogdourados@gmail.com','19.586.662/0001-13'),('politicas.turismo@corumba.ms.gov.br','19.705.967/0001-05'),('brisadococha@hotmail.com','19.742.891/0001-80'),('dozze__@hotmail.com','19.812.448/0001-38'),('contatorondonopolis@ditadopopular.com','19.910.396/0001-32'),('salvesnunes@bol.com.br','19.922.856/0001-42'),('leopineo@hotmail.com','19.945.143/0001-02'),('fernando@congelcontabilidade.com.br','19.964.339/0001-36'),('deoneterodrigues@gmail.com','20.025.403/0001-00'),('adriana_damatta@hotmail.com','20.138.297/0001-63'),('marmarino62@gmail.com','20.153.316/0001-20'),('naoinformouemail@naoinformou.email.com','20.175.900/0001-87'),('claudiobuchi@hotmail.com','20.200.050/0001-20'),('dr.deuzelito@terra.com.br','20.243.280/0001-76'),('espetariaubatuba@gmail.com','20.246.178/0001-24'),('restauranteacanoa@hotmail.com','20.256.960/0001-24'),('falcontxtxp@gmail.com','20.347.342/0001-90'),('cadastro@suporte.cnt.br','20.390.405/0001-90'),('pousada.dasaguias@outlook.com.br','20.457.593/0001-27'),('elianemsdd@gmail.com','20.461.971/0001-46'),('loja.gerencia@hotmail.com','20.461.971/0001-46'),('dacmarpetiscos@yahoo.com.br','20.503.841/0001-29'),('cacauserra@outlook.com','20.555.290/0001-47'),('ronilsonsouza47@gmail.com','20.598.950/0001-77'),('claudiana.osvaldo@hotmail.com','20.602.253/0001-42'),('dr.wan.nemesio@gmail.com','20.679.888/0001-48'),('ranulfo@gapesna.com.br','20.759.975/0001-05'),('naocadastrouemail@naocadastrouemail.com','20.835.896/0001-36'),('jessicabuenox@outlook.com','20.870.475/0001-46'),('igordefaro@gmail.com','20.919.158/0001-77'),('brunoleonardo4@hotmail.com','20.925.687/0001-83'),('diane@srcapacitacao.com.br','20.932.453/0001-63'),('caroline.cantele@gmail.com','20.949.734/0001-29'),('brenovital@hotmail.com','20.956.516/0001-11'),('rosefreitas31@hotmail.com','20.962.727/0001-67'),('andreiaormond@hotmail.com','21.040.689/0001-58'),('marcello@barri.ca','21.111.245/0001-66'),('wsnh3@hotmail.com','21.156.478/0001-85'),('nello.gentile@gmail.com','21.219.445/0001-37'),('elianemsdd@gmail.com','21.286.278/0001-47'),('fabianolrezende@gmail.com','21.288.186/0001-04'),('boibrasil.alimentos@hotmail.com','21.313.682/0001-62'),('aline@macsistem.com.br','21.338.266/0001-19'),('diegowfreitas@gmail.com','21.346.202/0001-60'),('marcao.maciel@hotmail.com','21.389.362/0001-96'),('filecandango@gmail.com','21.424.088/0001-49'),('marisnut@hotmail.com','21.468.524/0001-81'),('flaviodevesa@hotmail.com','21.490.288/0001-08'),('sandra.contradora@bol.com.br','21.496.548/0001-44'),('boilindoia@gmail.com','21.499.696/0001-12'),('tipiticafebar@gmail.com','21.501.045/0001-10'),('interagerh@terra.com.br','21.582.583/0001-86'),('benvenutosbar@gmail.com','21.587.201/0001-07'),('voltsolar@energiasemconta.com.br','21.662.424/0001-91'),('churrascariavarandaverde@gmail.com','21.676.846/0001-16'),('brunoribeiro18@gmail.com','21.755.154/0001-63'),('adrianasilva0202@gmail.com','21.833.416/0001-60'),('carlacribeirosilva@gmail.com','21.870.094/0001-20'),('acaibravopatiobrasil@gmail.com','21.938.549/0001-00'),('contabilrio@gmail.com','21.998.418/0001-00'),('marcosismar@gmail.com','22.041.233/0001-75'),('acai0grau@gmail.com','22.104.342/0001-94'),('garcialima.cont@brturbo.com.br','22.220.352/0001-95'),('reservas@hotelbeirario-go.com.br','22.279.156/0001-96'),('elianemsdd@gmail.com','22.416.111/0001-16'),('secretarianobresturismo@hotmail.com','22.418.664/0001-08'),('restaurantedozezao@gmail.com','22.446.218/0001-07'),('alcinonassam@gmail.com','22.564.155/0001-93'),('almeidabourbom@gmail.com','22.596.363/0001-74'),('cleverton@realcasagrande.com.br','22.704.204/0001-46'),('emporiumdasbebidas@gmail.com','22.715.974/0001-94'),('intercontabil.processos2@gmail.com','22.725.924/0001-98'),('abinadabeds@gmail.com','22.727.170/0001-05'),('rafhael09@hotmail.com','22.751.730/0001-67'),('financeiro@frangonopote.com.br','22.838.706/0001-60'),('caldosecaldos@hotmail.com','22.848.181/0001-43'),('turiarteamazonia@gmail.com','22.939.167/0001-55'),('rodrigo.zirr@gmail.com','23.056.700/0001-01'),('alimacta@gmail.com','23.186.660/0001-04'),('anapaulasantana1234@hotmail.com','23.373.402/0001-37'),('cacauwaycontato@gmail.com','23.380.380/0001-32'),('damatacontabilidade@gmail.com','23.390.678/0001-23'),('marcelo.avm@gmail.com','23.483.921/0001-58'),('futureassessoria@live.com','23.724.517/0001-29'),('saldanha10@gmail.com','23.797.856/0001-35'),('rockreire@ig.com.br','23.827.769/0001-83'),('neidoca.calazans@hotmail.com','23.889.634/0001-42'),('constituicao01@margemcontabilidade.com.br','24.072.732/0001-55'),('turismo@pirenopolis.go.gov.br','24.249.509/0001-30'),('contato@volpe.com','24.341.559/0001-43'),('e.cont@outlook.com','24.400.983/0001-11'),('contato@volpeconsultoria.com','24.660.065/0001-21'),('fabioreislemos4@gmail.com','24.765.861/0001-29'),('panificadoracolandy@hotmail.com','25.023.706/0001-08'),('romulomarques1991@hotmail.com','26.436.600/0001-90'),('chicapassos@ig.com.br','26.463.976/0001-94'),('lbassul@ig.com.br','26.463.976/0001-94'),('evanildo.com@hotmail.com','26.834.523/0001-27'),('m.cidapina@hotmail.com','27.475.482/0001-92'),('sc_contabil@yahoo.com.br','27.475.482/0001-92'),('pggambino@veloxmail.com.br','31.337.298/0001-53'),('edgardmeaipe@oi.com.br','32.396.293/0001-64'),('ascof@bol.com.br','32.621.484/0001-82'),('cadastro@alfacontabilidade.com.br','32.942.369/0001-00'),('mariodhein@hotmail.com','32.979.841/0001-89'),('carmelocafe@yahoo.com.br','33.039.959/0001-90'),('janete_moraes@hotmail.com','33.143.652/0001-34'),('lopeslagares@hotmail.com','33.351.834/0001-09'),('angelasicilia@gmail.com','34.642.579/0001-08'),('fabiosicilia@gmail.com','34.642.579/0001-08'),('joseciro@hotmail.com','37.570.181/0001-00'),('mulleradm@sabordavila.com.br','39.277.058/0001-12'),('gustavo@barabertura.com.br','39.332.770/0001-77'),('adm@barabertura.com.br','39.332.770/0002-58'),('cpdeassis@hotmail.com','39.810.551/0001-56'),('nil.turismoubatuba@gmail.com','60.439.759/0001-05'),('robertolago@hotmail.com','60.439.759/0001-05'),('dh.rioverde@bluetree.com.br','66.542.002/0032-17'),('hospedagem.rioverde@bluetree.com.br','66.542.002/0032-17'),('confrariuchoa@ig.com.br','69.665.669/0001-07'),('ana.audicon@gmail.com','70.362.835/0001-77'),('creosiveira@utlook.com','71.168.470/0001-07'),('pantanalcarnesexoticas@hotmail.com','73.890.113/0001-83'),('churrascariaesplanada@hotmail.com','74.383.670/0001-70'),('marquessilvana@yahoo.com.br','83.325.183/0001-42'),('eryholanda@hotmail.com','83.578.393/0001-42'),('rbritocunha@uol.com.br','83.897.934/0001-03'),('ditotest@hotmail.com','84.303.908/0001-64'),('saulo@afabistro.com.br','84.304.765/0001-05'),('chiquinho_arara@hotmail.com','84.316.546/0001-46'),('eliezers@me.com','84.322.213/0002-00'),('eliezers@me.com','84.322.213/0003-91'),('ande.alves@hotmail.com','84.326.388/0001-05'),('rosaniburin@hotmail.com','89.846.489/0001-20'),('lisianekrause@cgcontadores.com.br','90.578.451/0001-01');
/*!40000 ALTER TABLE `EMPRESA_EMAIL` ENABLE KEYS */;
UNLOCK TABLES;

--
-- Table structure for table `EMPRESA_LINGUA`
--

DROP TABLE IF EXISTS `EMPRESA_LINGUA`;
/*!40101 SET @saved_cs_client     = @@character_set_client */;
/*!40101 SET character_set_client = utf8 */;
CREATE TABLE `EMPRESA_LINGUA` (
  `cnpj` varchar(18) NOT NULL,
  `id_lingua` int(2) NOT NULL,
  PRIMARY KEY (`cnpj`,`id_lingua`),
  KEY `id_lingua` (`id_lingua`),
  CONSTRAINT `EMPRESA_LINGUA_ibfk_1` FOREIGN KEY (`cnpj`) REFERENCES `EMPRESA` (`cnpj`) ON DELETE CASCADE,
  CONSTRAINT `EMPRESA_LINGUA_ibfk_2` FOREIGN KEY (`id_lingua`) REFERENCES `LINGUA` (`id_lingua`)
) ENGINE=InnoDB DEFAULT CHARSET=latin1;
/*!40101 SET character_set_client = @saved_cs_client */;

--
-- Dumping data for table `EMPRESA_LINGUA`
--

LOCK TABLES `EMPRESA_LINGUA` WRITE;
/*!40000 ALTER TABLE `EMPRESA_LINGUA` DISABLE KEYS */;
INSERT INTO `EMPRESA_LINGUA` VALUES ('00.101.413/0001-62',1),('00.193.508/0001-53',1),('00.360.212/0001-80',1),('00.754.980/0001-18',1),('00.781.247/0001-92',1),('00.986.059/0001-09',1),('01.031.452/0001-01',1),('01.348.175/0001-57',1),('01.422.791/0001-00',1),('01.506.917/0001-25',1),('01.776.980/0001-81',1),('01.793.112/0001-00',1),('01.937.072/0001-22',1),('01.943.113/0001-93',1),('01.969.294/0001-27',1),('02.019.387/0001-53',1),('02.264.616/0001-03',1),('02.474.574/0001-27',1),('02.700.127/0001-49',1),('02.831.735/0001-92',1),('02.900.638/0001-04',1),('03.145.782/0001-45',1),('03.248.275/0001-37',1),('03.337.966/0001-07',1),('03.427.671/0001-21',1),('03.515.132/0001-44',1),('03.660.361/0001-52',1),('03.668.086/0001-13',1),('03.707.280/0001-60',1),('03.708.641/0001-93',1),('03.751.209/0001-85',1),('03.760.307/0001-89',1),('04.095.843/0001-70',1),('04.097.808/0001-90',1),('04.117.529/0001-40',1),('04.310.915/0001-54',1),('04.377.329/0001-27',1),('04.432.638/0001-52',1),('04.451.189/0001-90',1),('04.487.285/0001-98',1),('04.488.719/0001-74',1),('04.516.178/0001-40',1),('04.588.481/0001-59',1),('04.798.048/0001-48',1),('04.916.814/0001-21',1),('05.013.665/0001-53',1),('05.061.116/0001-54',1),('05.346.037/0001-90',1),('05.391.736/0001-51',1),('05.484.946/0001-94',1),('05.584.167/0001-60',1),('05.621.044/0001-52',1),('05.624.626/0001-92',1),('05.812.027/0001-00',1),('05.886.165/0001-26',1),('05.993.519/0001-31',1),('06.106.560/0001-01',1),('06.123.788/0001-00',1),('06.351.997/0001-00',1),('06.867.152/0001-72',1),('07.046.301/0001-03',1),('07.076.340/0001-45',1),('07.109.353/0001-73',1),('07.123.610/0001-21',1),('07.194.069/0001-42',1),('07.326.369/0001-38',1),('07.356.338/0001-20',1),('07.509.543/0001-88',1),('07.559.872/0001-33',1),('07.603.920/0001-43',1),('07.709.250/0001-44',1),('07.735.816/0001-02',1),('07.798.042/0001-69',1),('08.629.949/0001-67',1),('08.732.997/0001-86',1),('08.742.247/0001-95',1),('08.783.392/0001-14',1),('08.803.690/0001-29',1),('09.019.347/0001-50',1),('09.068.238/0001-23',1),('09.094.523/0001-19',1),('09.097.935/0001-02',1),('09.137.309/0001-00',1),('09.259.640/0001-95',1),('09.316.525/0001-05',1),('09.418.876/0001-27',1),('09.481.081/0001-63',1),('09.506.280/0001-89',1),('09.520.329/0001-58',1),('10.413.358/0001-08',1),('10.580.005/0001-94',1),('10.599.031/0001-64',1),('10.630.823/0001-54',1),('10.669.332/0001-17',1),('10.715.468/0001-16',1),('10.741.655/0001-74',1),('10.747.040/0001-55',1),('10.853.242/0001-81',1),('10.869.183/0001-30',1),('10.878.605/0001-33',1),('11.087.972/0001-81',1),('11.094.122/0001-00',1),('11.101.488/0001-60',1),('11.169.395/0001-77',1),('11.181.421/0001-82',1),('11.214.626/0001-17',1),('11.222.565/0001-30',1),('11.301.609/0001-17',1),('11.398.867/0001-63',1),('11.410.558/0001-61',1),('11.490.039/0001-50',1),('11.556.082/0001-71',1),('11.673.384/0001-20',1),('11.723.033/0001-86',1),('11.914.332/0001-06',1),('12.018.100/0001-24',1),('12.029.821/0001-30',1),('12.068.008/0001-79',1),('12.109.884/0001-04',1),('12.352.319/0001-65',1),('12.374.221/0001-09',1),('12.398.925/0001-11',1),('12.459.508/0001-31',1),('12.481.125/0001-60',1),('12.568.385/0001-77',1),('12.581.263/0001-10',1),('12.645.350/0001-94',1),('12.664.468/0001-60',1),('12.839.456/0001-29',1),('12.905.586/0001-12',1),('13.097.676/0001-97',1),('13.523.813/0001-08',1),('13.652.337/0001-25',1),('13.666.357/0001-55',1),('13.722.366/0001-16',1),('13.760.013/0001-00',1),('13.771.888/0001-08',1),('13.817.361/0001-77',1),('13.822.289/0001-76',1),('13.904.074/0001-02',1),('13.939.748/0001-04',1),('14.008.566/0001-74',1),('14.068.453/0001-64',1),('14.234.077/0001-30',1),('14.262.645/0001-07',1),('14.284.810/0001-21',1),('14.292.585/0001-75',1),('14.329.809/0001-76',1),('14.353.923/0001-31',1),('14.362.875/0001-48',1),('14.376.253/0001-79',1),('14.377.401/0001-70',1),('14.431.690/0001-48',1),('14.496.286/0001-52',1),('14.593.087/0001-62',1),('14.645.721/0001-63',1),('14.673.976/0001-30',1),('14.683.166/0001-64',1),('14.758.147/0001-50',1),('14.916.271/0001-04',1),('14.980.275/0002-24',1),('14.983.551/0001-27',1),('15.193.424/0001-97',1),('15.276.936/0001-17',1),('15.338.675/0001-12',1),('15.359.986/0001-68',1),('15.407.743/0001-58',1),('15.421.543/0001-50',1),('15.482.185/0001-95',1),('15.522.363/0001-64',1),('15.589.816/0001-70',1),('15.674.697/0001-53',1),('15.762.866/0001-07',1),('15.810.140/0001-00',1),('15.826.439/0001-45',1),('15.862.996/0001-11',1),('16.846.015/0001-05',1),('16.988.013/0001-50',1),('17.040.591/0001-23',1),('17.204.471/0001-14',1),('17.236.868/0001-98',1),('17.276.424/0001-86',1),('17.336.687/0001-33',1),('17.473.363/0001-47',1),('17.474.915/0001-31',1),('17.502.354/0001-37',1),('17.512.544/0001-35',1),('17.574.894/0001-26',1),('17.647.669/0001-72',1),('17.674.563/0001-68',1),('17.754.849/0001-53',1),('17.936.734/0001-80',1),('17.956.586/0001-65',1),('18.191.942/0001-60',1),('18.391.189/0001-56',1),('18.725.079/0001-83',1),('18.761.808/0001-57',1),('18.881.241/0001-52',1),('19.133.613/0001-25',1),('19.162.372/0001-42',1),('19.420.498/0001-70',1),('19.474.088/0001-01',1),('19.586.662/0001-13',1),('19.705.967/0001-05',1),('19.742.891/0001-80',1),('19.922.856/0001-42',1),('20.200.050/0001-20',1),('20.243.280/0001-76',1),('20.390.405/0001-90',1),('20.461.971/0001-46',1),('20.555.290/0001-47',1),('20.598.950/0001-77',1),('20.602.253/0001-42',1),('20.759.975/0001-05',1),('20.870.475/0001-46',1),('20.919.158/0001-77',1),('20.925.687/0001-83',1),('20.932.453/0001-63',1),('20.949.734/0001-29',1),('20.956.516/0001-11',1),('21.040.689/0001-58',1),('21.156.478/0001-85',1),('21.338.266/0001-19',1),('21.346.202/0001-60',1),('21.389.362/0001-96',1),('21.424.088/0001-49',1),('21.468.524/0001-81',1),('21.490.288/0001-08',1),('21.496.548/0001-44',1),('21.499.696/0001-12',1),('21.582.583/0001-86',1),('21.587.201/0001-07',1),('21.662.424/0001-91',1),('21.833.416/0001-60',1),('21.998.418/0001-00',1),('22.041.233/0001-75',1),('22.104.342/0001-94',1),('22.220.352/0001-95',1),('22.279.156/0001-96',1),('22.416.111/0001-16',1),('22.418.664/0001-08',1),('22.446.218/0001-07',1),('22.564.155/0001-93',1),('22.596.363/0001-74',1),('22.715.974/0001-94',1),('22.725.924/0001-98',1),('22.751.730/0001-67',1),('22.848.181/0001-43',1),('22.939.167/0001-55',1),('23.186.660/0001-04',1),('23.373.402/0001-37',1),('23.483.921/0001-58',1),('23.724.517/0001-29',1),('23.797.856/0001-35',1),('23.889.634/0001-42',1),('24.249.509/0001-30',1),('24.400.983/0001-11',1),('24.765.861/0001-29',1),('25.023.706/0001-08',1),('26.463.976/0001-94',1),('26.834.523/0001-27',1),('27.475.482/0001-92',1),('31.337.298/0001-53',1),('32.396.293/0001-64',1),('32.621.484/0001-82',1),('32.942.369/0001-00',1),('32.979.841/0001-89',1),('33.351.834/0001-09',1),('37.570.181/0001-00',1),('39.277.058/0001-12',1),('39.332.770/0001-77',1),('39.332.770/0002-58',1),('39.810.551/0001-56',1),('60.439.759/0001-05',1),('66.542.002/0032-17',1),('69.665.669/0001-07',1),('70.362.835/0001-77',1),('71.168.470/0001-07',1),('73.890.113/0001-83',1),('83.897.934/0001-03',1),('84.303.908/0001-64',1),('84.326.388/0001-05',1),('00.378.163/0001-02',2),('00.735.389/0001-13',2),('01.277.203/0001-92',2),('01.418.153/0001-16',2),('01.778.978/0001-41',2),('02.707.140/0002-00',2),('03.329.419/0001-80',2),('03.692.413/0001-72',2),('03.821.134/0001-61',2),('04.027.235/0003-90',2),('04.855.525/0001-60',2),('04.886.649/0001-02',2),('05.152.885/0001-68',2),('05.387.096/0001-06',2),('05.514.073/0001-15',2),('05.547.496/0001-31',2),('05.653.389/0001-98',2),('05.705.958/0001-00',2),('06.191.898/0001-09',2),('06.312.369/0001-16',2),('06.927.458/0001-77',2),('07.110.746/0001-05',2),('07.547.527/0001-80',2),('07.758.800/0001-15',2),('07.844.768/0001-90',2),('07.874.215/0001-80',2),('07.945.007/0002-06',2),('08.242.569/0001-75',2),('08.273.637/0001-63',2),('08.294.013/0001-22',2),('08.488.305/0001-04',2),('08.753.193/0001-63',2),('08.780.761/0001-15',2),('08.895.384/0006-74',2),('08.977.334/0001-21',2),('09.304.268/0001-91',2),('09.512.969/0001-16',2),('09.599.645/0001-67',2),('09.653.498/0001-66',2),('10.367.285/0001-57',2),('10.519.013/0001-25',2),('10.671.775/0001-42',2),('10.744.426/0001-03',2),('10.749.777/0001-07',2),('10.823.136/0001-55',2),('11.004.583/0001-45',2),('11.016.958/0001-97',2),('11.242.459/0001-18',2),('11.310.143/0001-16',2),('11.479.355/0001-21',2),('12.212.209/0001-06',2),('12.430.573/0001-34',2),('12.430.573/0002-15',2),('12.710.988/0001-61',2),('12.850.585/0001-18',2),('13.028.262/0001-06',2),('13.497.202/0001-32',2),('13.869.652/0001-09',2),('14.222.544/0001-02',2),('14.341.343/0001-24',2),('14.371.051/0001-34',2),('14.657.582/0001-98',2),('14.905.864/0001-67',2),('15.288.016/0001-19',2),('15.417.591/0001-74',2),('15.661.807/0001-42',2),('15.800.445/0001-23',2),('16.850.322/0001-60',2),('17.670.956/0001-01',2),('17.825.203/0001-10',2),('17.882.347/0001-08',2),('18.189.618/0001-07',2),('18.290.519/0001-17',2),('18.804.418/0001-17',2),('19.176.660/0001-56',2),('19.244.867/0001-10',2),('19.287.700/0001-37',2),('19.434.413/0001-02',2),('19.440.389/0001-14',2),('19.812.448/0001-38',2),('19.910.396/0001-32',2),('19.964.339/0001-36',2),('20.153.316/0001-20',2),('20.246.178/0001-24',2),('20.256.960/0001-24',2),('20.347.342/0001-90',2),('20.679.888/0001-48',2),('20.962.727/0001-67',2),('21.111.245/0001-66',2),('21.219.445/0001-37',2),('21.286.278/0001-47',2),('21.288.186/0001-04',2),('21.501.045/0001-10',2),('21.676.846/0001-16',2),('21.755.154/0001-63',2),('21.938.549/0001-00',2),('22.704.204/0001-46',2),('22.727.170/0001-05',2),('22.838.706/0001-60',2),('23.056.700/0001-01',2),('24.072.732/0001-55',2),('24.341.559/0001-43',2),('26.436.600/0001-90',2),('33.039.959/0001-90',2),('33.143.652/0001-34',2),('74.383.670/0001-70',2),('84.316.546/0001-46',2),('90.578.451/0001-01',2),('00.735.389/0001-13',3),('01.049.992/0001-04',3),('01.891.245/0001-19',3),('02.591.246/0001-00',3),('03.290.681/0001-68',3),('03.344.534/0001-23',3),('03.418.070/0001-52',3),('03.692.413/0001-72',3),('03.821.134/0001-61',3),('03.970.016/0001-15',3),('04.027.235/0003-90',3),('04.855.525/0001-60',3),('04.886.649/0001-02',3),('05.266.878/0001-97',3),('05.387.096/0001-06',3),('05.514.073/0001-15',3),('05.653.389/0001-98',3),('05.683.518/0001-90',3),('05.705.958/0001-00',3),('06.040.153/0001-49',3),('06.191.898/0001-09',3),('06.232.670/0001-10',3),('06.312.369/0001-16',3),('06.927.458/0001-77',3),('07.552.453/0001-70',3),('07.629.193/0001-93',3),('07.758.800/0001-15',3),('07.838.751/0001-20',3),('07.844.768/0001-90',3),('07.874.215/0001-80',3),('08.273.637/0001-63',3),('08.318.312/0001-50',3),('08.328.693/0001-58',3),('08.710.781/0002-09',3),('08.955.698/0001-00',3),('08.977.334/0001-21',3),('09.368.211/0001-56',3),('09.512.969/0001-16',3),('09.599.645/0001-67',3),('09.645.541/0001-41',3),('09.653.498/0001-66',3),('10.523.012/0002-35',3),('10.738.606/0001-82',3),('10.744.426/0001-03',3),('10.749.777/0001-07',3),('10.823.136/0001-55',3),('11.310.143/0001-16',3),('11.479.355/0001-21',3),('12.098.377/0001-04',3),('12.146.671/0001-44',3),('12.212.209/0001-06',3),('12.392.729/0001-30',3),('12.430.573/0001-34',3),('12.430.573/0002-15',3),('12.710.988/0001-61',3),('13.862.160/0001-91',3),('14.222.544/0001-02',3),('14.371.051/0001-34',3),('14.657.582/0001-98',3),('14.905.864/0001-67',3),('15.337.148/0001-93',3),('15.417.591/0001-74',3),('15.588.545/0001-38',3),('15.661.807/0001-42',3),('15.790.647/0001-31',3),('15.800.445/0001-23',3),('17.556.956/0001-77',3),('17.882.347/0001-08',3),('18.290.519/0001-17',3),('18.804.418/0001-17',3),('19.287.700/0001-37',3),('19.434.413/0001-02',3),('19.910.396/0001-32',3),('19.945.143/0001-02',3),('20.153.316/0001-20',3),('20.175.900/0001-87',3),('20.246.178/0001-24',3),('20.347.342/0001-90',3),('20.835.896/0001-36',3),('21.288.186/0001-04',3),('21.313.682/0001-62',3),('21.501.045/0001-10',3),('21.870.094/0001-20',3),('22.704.204/0001-46',3),('22.727.170/0001-05',3),('22.838.706/0001-60',3),('23.056.700/0001-01',3),('24.660.065/0001-21',3),('33.039.959/0001-90',3),('33.143.652/0001-34',3),('74.383.670/0001-70',3),('84.304.765/0001-05',3),('84.316.546/0001-46',3),('84.322.213/0002-00',3),('84.322.213/0003-91',3),('90.578.451/0001-01',3),('04.855.525/0001-60',4),('05.705.958/0001-00',4),('07.110.746/0001-05',4),('07.629.193/0001-93',4),('08.488.305/0001-04',4),('13.753.707/0001-10',4),('14.649.063/0001-88',4),('15.762.866/0001-07',4),('00.378.163/0001-02',5),('01.778.978/0001-41',5),('04.855.525/0001-60',5),('06.927.458/0001-77',5),('09.512.969/0001-16',5),('15.337.148/0001-93',5),('15.588.545/0001-38',5),('15.762.866/0001-07',5),('15.800.445/0001-23',5),('20.246.178/0001-24',5),('20.256.960/0001-24',5),('00.378.163/0001-02',6),('01.323.591/0001-09',6),('03.692.413/0001-72',6),('04.027.235/0003-90',6),('05.514.073/0001-15',6),('07.629.193/0001-93',6),('07.844.768/0001-90',6),('10.823.136/0001-55',6),('13.330.548/0001-41',6),('15.661.807/0001-42',6),('19.812.448/0001-38',6),('21.219.445/0001-37',6),('34.642.579/0001-08',6),('74.383.670/0001-70',6),('20.347.342/0001-90',7),('19.529.461/0001-84',8),('19.287.700/0001-37',9),('00.378.163/0001-02',10),('17.677.161/0001-17',10),('21.288.186/0001-04',10);
/*!40000 ALTER TABLE `EMPRESA_LINGUA` ENABLE KEYS */;
UNLOCK TABLES;

--
-- Table structure for table `EMPRESA_TELEFONE`
--

DROP TABLE IF EXISTS `EMPRESA_TELEFONE`;
/*!40101 SET @saved_cs_client     = @@character_set_client */;
/*!40101 SET character_set_client = utf8 */;
CREATE TABLE `EMPRESA_TELEFONE` (
  `telefone` varchar(15) NOT NULL,
  `cnpj` varchar(18) NOT NULL,
  PRIMARY KEY (`telefone`,`cnpj`),
  KEY `cnpj` (`cnpj`),
  CONSTRAINT `EMPRESA_TELEFONE_ibfk_1` FOREIGN KEY (`cnpj`) REFERENCES `EMPRESA` (`cnpj`) ON DELETE CASCADE
) ENGINE=InnoDB DEFAULT CHARSET=latin1;
/*!40101 SET character_set_client = @saved_cs_client */;

--
-- Dumping data for table `EMPRESA_TELEFONE`
--

LOCK TABLES `EMPRESA_TELEFONE` WRITE;
/*!40000 ALTER TABLE `EMPRESA_TELEFONE` DISABLE KEYS */;
INSERT INTO `EMPRESA_TELEFONE` VALUES ('(65) 3023-0287','00.101.413/0001-62'),('(65) 3052-5663','00.101.413/0001-62'),('(67) 3481-1367','00.193.508/0001-53'),('(67) 3481-4137','00.193.508/0001-53'),('(65) 3326-7457','00.360.212/0001-80'),('(85) 8549-1961','00.378.163/0001-02'),('(85) 9957-1062','00.378.163/0001-02'),('(61) 3352-3722','00.735.389/0001-13'),('(61) 3225-4578','00.742.049/0001-10'),('(61) 9970-1850','00.742.049/0001-10'),('(68) 9981-0973','00.754.980/0001-18'),('(98) 98862-3381','00.781.247/0001-92'),('(98) 99187-8070','00.781.247/0001-92'),('(67) 3324-9765','00.986.059/0001-09'),('(82) 99116-0377','01.031.452/0001-01'),('(67) 3255-1283','01.049.992/0001-04'),('(88) 3661-1731','01.277.203/0001-92'),('(65) 3354-1008','01.323.591/0001-09'),('(14) 3653-1510','01.348.175/0001-57'),('(61) 3591-1694','01.418.153/0001-16'),('(54) 3244-1499','01.422.791/0001-00'),('(54) 3244-1506','01.422.791/0001-00'),('(62) 3089-0999','01.506.917/0001-25'),('(91) 98427-6858','01.563.447/0001-31'),('(61) 3399-0805','01.776.980/0001-81'),('(61) 8431-8688','01.776.980/0001-81'),('(21) 2508-9174','01.778.978/0001-41'),('(83) 3337-6060','01.793.112/0001-00'),('(68) 3227-2598','01.891.245/0001-19'),('(68) 9281-6219','01.891.245/0001-19'),('(67) 3326-6271','01.937.072/0001-22'),('(68) 9997-1799','01.943.113/0001-93'),('(67) 3325-0038','01.969.294/0001-27'),('(66) 9631-5555','02.019.387/0001-53'),('(67) 3443-1184','02.264.616/0001-03'),('(83) 3226-1083','02.264.674/0001-29'),('(62) 3251-8671','02.474.574/0001-27'),('(62) 3281-9966','02.474.574/0001-27'),('(62) 3092-7852','02.591.246/0001-00'),('(65) 3382-2486','02.700.127/0001-49'),('(64) 3453-1548','02.707.140/0002-00'),('(12) 3892-4538','02.831.735/0001-92'),('(83) 3337-6012','02.900.638/0001-04'),('(62) 3942-6064','02.933.463/0001-31'),('(88) 3522-1272','03.145.782/0001-45'),('(83) 3235-2859','03.185.546/0001-52'),('(66) 3481-1214','03.248.275/0001-37'),('(62) 3251-5697','03.290.681/0001-68'),('(61) 3224-7884','03.329.419/0001-80'),('(61) 3225-1717','03.329.419/0001-80'),('(92) 3232-1821','03.337.966/0001-07'),('(92) 3233-8596','03.337.966/0001-07'),('(61) 8596-3106','03.344.534/0001-23'),('(61) 9958-2245','03.344.534/0001-23'),('(68) 3221-1940','03.418.070/0001-52'),('(62) 3354-1523','03.427.671/0001-21'),('(67) 3383-2572','03.515.132/0001-44'),('(91) 3366-1153','03.660.361/0001-52'),('(62) 4006-5353','03.668.086/0001-13'),('(82) 3293-2031','03.692.413/0001-72'),('(35) 3655-1307','03.707.280/0001-60'),('(67) 3382-2427','03.708.641/0001-93'),('(91) 3366-1153','03.751.209/0001-85'),('(27) 99923-1881','03.760.307/0001-89'),('(44) 3269-1588','03.821.134/0001-61'),('(67) 3321-2123','03.970.016/0001-15'),('(67) 9982-1882','03.970.016/0001-15'),('(61) 3343-3033','04.027.235/0003-90'),('(68) 8421-4599','04.095.843/0001-70'),('(68) 8424-6517','04.095.843/0001-70'),('(65) 3492-1009','04.097.808/0001-90'),('(66) 3424-0437','04.097.808/0001-90'),('(68) 3546-5032','04.117.529/0001-40'),('(61) 3612-4363','04.296.594/0001-80'),('(27) 3259-1168','04.310.915/0001-54'),('(67) 3255-2883','04.377.329/0001-27'),('(98) 3381-2436','04.422.806/0001-29'),('(98) 3381-5318','04.422.806/0001-29'),('(49) 3541-2463','04.432.638/0001-52'),('(69) 3422-2524','04.451.189/0001-90'),('(31) 3834-9930','04.487.285/0001-98'),('(68) 9966-4089','04.488.719/0001-74'),('(62) 3505-2122','04.516.178/0001-40'),('(67) 3452-7533','04.588.481/0001-59'),('(67) 3452-7819','04.588.481/0001-59'),('(73) 3288-0202','04.798.048/0001-48'),('(65) 3621-4642','04.855.525/0001-60'),('(62) 3941-8859','04.886.649/0001-02'),('(62) 3945-4667','04.886.649/0001-02'),('(61) 3612-3280','04.916.814/0001-21'),('(67) 3241-8100','05.013.665/0001-53'),('(27) 3345-8909','05.061.116/0001-54'),('(67) 3423-1807','05.152.885/0001-68'),('(67) 9972-4901','05.152.885/0001-68'),('(45) 3529-7915','05.266.878/0001-97'),('(12) 3971-2564','05.346.037/0001-90'),('(16) 3610-6873','05.387.096/0001-06'),('(27) 3288-3380','05.391.736/0001-51'),('(35) 3435-3907','05.484.946/0001-94'),('(67) 3324-1672','05.514.073/0001-15'),('(62) 3335-3698','05.547.496/0001-31'),('(68) 9971-1933','05.584.167/0001-60'),('(83) 3337-5666','05.621.044/0001-52'),('(67) 3241-7150','05.624.626/0001-92'),('(62) 3336-1487','05.653.389/0001-98'),('(62) 3275-7575','05.683.518/0001-90'),('(84) 3221-0417','05.705.958/0001-00'),('(84) 3261-6205','05.705.958/0001-00'),('(84) 3228-2019','05.812.027/0001-00'),('(62) 3255-1111','05.886.165/0001-26'),('(68) 3301-5991','05.993.519/0001-31'),('(68) 8101-2333','05.993.519/0001-31'),('(67) 3231-7480','06.040.153/0001-49'),('(35) 3864-2715','06.106.560/0001-01'),('(31) 3055-3002','06.123.788/0001-00'),('(31) 98827-1514','06.123.788/0001-00'),('(62) 3241-0731','06.191.898/0001-09'),('(68) 3322-1767','06.209.799/0001-07'),('(68) 9962-0953','06.209.799/0001-07'),('(06) 3028-1998','06.232.670/0001-10'),('(06) 9925-1388','06.232.670/0001-10'),('(19) 3725-5451','06.312.369/0001-16'),('(27) 3259-1551','06.351.997/0001-00'),('(61) 3234-2968','06.867.152/0001-72'),('(47) 3366-5950','06.927.458/0001-77'),('(64) 3492-1028','07.046.301/0001-03'),('(66) 3401-8184','07.076.340/0001-45'),('(81) 3302-5994','07.109.353/0001-73'),('(81) 3302-5996','07.109.353/0001-73'),('(24) 3365-2834','07.110.746/0001-05'),('(85) 3224-4913','07.123.610/0001-21'),('(28) 3546-1969','07.194.069/0001-42'),('(88) 3621-0889','07.326.369/0001-38'),('(64) 3442-4863','07.356.338/0001-20'),('(75) 3425-3428','07.434.696/0002-94'),('(75) 3425-4573','07.434.696/0002-94'),('(68) 3234-1150','07.477.046/0001-45'),('(68) 8411-3378','07.477.046/0001-45'),('(91) 3423-1979','07.509.543/0001-88'),('(35) 3372-3556','07.547.527/0001-80'),('(68) 9985-3971','07.552.453/0001-70'),('(38) 3841-2797','07.559.872/0001-33'),('(82) 3273-6008','07.592.981/0001-52'),('(31) 3561-1326','07.603.920/0001-43'),('(61) 3369-2301','07.629.193/0001-93'),('(81) 9182-1324','07.709.250/0001-44'),('(67) 3499-1555','07.735.816/0001-02'),('(62) 3513-5173','07.758.800/0001-15'),('(62) 8427-8636','07.758.800/0001-15'),('(51) 3364-8787','07.770.041/0001-06'),('(66) 3451-1522','07.798.042/0001-69'),('(68) 3222-7005','07.838.751/0001-20'),('(68) 3224-9374','07.838.751/0001-20'),('(24) 3371-6557','07.844.768/0001-90'),('(24) 99901-8355','07.844.768/0001-90'),('(62) 3551-1931','07.862.047/0001-03'),('(65) 3028-7700','07.874.215/0001-80'),('(61) 0000-0000','07.928.465/0001-56'),('(98) 99127-4275','07.945.007/0002-06'),('(92) 3651-0870','08.242.569/0001-75'),('(92) 3213-9608','08.273.637/0001-63'),('(92) 98233-5151','08.273.637/0001-63'),('(51) 3546-5763','08.294.013/0001-22'),('(27) 3253-1330','08.312.494/0001-51'),('(27) 3287-0169','08.312.494/0001-51'),('(62) 3094-5034','08.318.312/0001-50'),('(62) 3095-2209','08.328.693/0001-58'),('(96) 99131-1070','08.387.405/0001-36'),('(73) 3251-3464','08.451.308/0001-65'),('(61) 3340-0104','08.488.305/0001-04'),('(61) 3568-5228','08.491.645/0001-86'),('(84) 3471-2296','08.608.867/0001-36'),('(84) 98728-0179','08.608.867/0001-36'),('(62) 3251-8671','08.629.949/0001-67'),('(45) 3025-1473','08.710.781/0002-09'),('(67) 3272-1105','08.732.997/0001-86'),('(62) 3281-2095','08.742.247/0001-95'),('(64) 3453-7652','08.753.193/0001-63'),('(64) 3512-8088','08.753.193/0001-63'),('(67) 3026-0422','08.780.761/0001-15'),('(67) 3255-1564','08.780.761/0001-15'),('(63) 3363-3525','08.783.392/0001-14'),('(67) 3241-1075','08.803.690/0001-29'),('(19) 3608-7101','08.895.384/0006-74'),('(19) 3608-7205','08.895.384/0006-74'),('(68) 3322-3249','08.952.305/0001-05'),('(67) 3255-4583','08.955.698/0001-00'),('(92) 9127-0007','08.977.334/0001-21'),('(68) 3462-1075','09.019.347/0001-50'),('(68) 9226-6875','09.019.347/0001-50'),('(81) 3302-5994','09.068.238/0001-23'),('(67) 3255-1059','09.094.523/0001-19'),('(67) 8484-7701','09.094.523/0001-19'),('(61) 3399-0805','09.097.935/0001-02'),('(65) 3382-2333','09.137.309/0001-00'),('(71) 3312-9093','09.157.532/0001-01'),('(71) 3313-2876','09.157.532/0001-01'),('(38) 3233-1146','09.259.640/0001-95'),('(27) 3287-0169','09.265.757/0001-81'),('(27) 3287-0539','09.265.757/0001-81'),('(83) 9134-1414','09.304.268/0001-91'),('(62) 3354-1516','09.316.525/0001-05'),('(62) 3354-1615','09.316.525/0001-05'),('(67) 3231-4441','09.368.211/0001-56'),('(67) 9805-0380','09.368.211/0001-56'),('(65) 3383-2571','09.418.876/0001-27'),('(91) 3255-6169','09.442.461/0001-99'),('(91) 3242-5454','09.457.309/0001-80'),('(83) 3042-2022','09.481.081/0001-63'),('(61) 3612-1784','09.506.280/0001-89'),('(67) 3349-4441','09.512.969/0001-16'),('(62) 3233-1292','09.520.329/0001-58'),('(68) 3227-2231','09.577.695/0001-43'),('(68) 8406-8262','09.577.695/0001-43'),('(66) 3422-7647','09.599.645/0001-67'),('(54) 3278-1133','09.645.541/0001-41'),('(51) 3339-5685','09.653.498/0001-66'),('(83) 9988-1200','10.331.768/0001-00'),('(27) 3248-0054','10.367.285/0001-57'),('(27) 3248-0076','10.367.285/0001-57'),('(62) 3541-6219','10.413.358/0001-08'),('(62) 3587-1250','10.413.358/0001-08'),('(12) 3833-9173','10.519.013/0001-25'),('(68) 3223-4063','10.523.012/0002-35'),('(68) 3224-2243','10.523.012/0002-35'),('(27) 3299-0881','10.571.725/0001-93'),('(61) 3201-5678','10.580.005/0001-94'),('(68) 3222-7100','10.599.031/0001-64'),('(68) 3222-7207','10.599.031/0001-64'),('(91) 3725-1518','10.630.823/0001-54'),('(66) 3422-6142','10.669.332/0001-17'),('(66) 3424-2254','10.669.332/0001-17'),('(65) 3052-2900','10.671.775/0001-42'),('(65) 3358-6702','10.671.775/0001-42'),('(62) 3354-1615','10.715.468/0001-16'),('(62) 3095-3771','10.738.606/0001-82'),('(31) 3412-9638','10.741.655/0001-74'),('(21) 3860-8905','10.744.426/0001-03'),('(66) 3401-1106','10.747.040/0001-55'),('(14) 3232-3212','10.749.777/0001-07'),('(82) 3231-8274','10.823.136/0001-55'),('(65) 3376-2978','10.853.242/0001-81'),('(67) 3422-2828','10.869.183/0001-30'),('(67) 9971-9806','10.869.183/0001-30'),('(62) 3595-7780','10.878.605/0001-33'),('(82) 3551-2956','10.924.991/0001-52'),('(82) 3551-3976','10.924.991/0001-52'),('(81) 3079-4165','11.004.583/0001-45'),('(88) 8831-8322','11.016.958/0001-97'),('(65) 3691-3761','11.087.972/0001-81'),('(66) 3556-5292','11.087.972/0001-81'),('(88) 3621-1036','11.094.122/0001-00'),('(88) 9957-3053','11.094.122/0001-00'),('(62) 3091-3991','11.101.488/0001-60'),('(68) 3226-2008','11.144.945/0001-01'),('(68) 9971-0578','11.144.945/0001-01'),('(65) 3321-0007','11.169.395/0001-77'),('(66) 3424-2254','11.169.395/0001-77'),('(67) 3255-1113','11.181.421/0001-82'),('(88) 3422-1534','11.214.626/0001-17'),('(64) 3441-3023','11.222.565/0001-30'),('(64) 9611-3619','11.222.565/0001-30'),('(24) 99222-7462','11.242.459/0001-18'),('(24) 99982-8045','11.242.459/0001-18'),('(27) 3236-6160','11.301.609/0001-17'),('(62) 3324-0585','11.310.143/0001-16'),('(63) 3218-2544','11.398.867/0001-63'),('(83) 9152-9424','11.410.558/0001-61'),('(83) 9602-6185','11.410.558/0001-61'),('(67) 3421-1616','11.479.355/0001-21'),('(66) 9649-4995','11.490.039/0001-50'),('(28) 3553-1245','11.556.082/0001-71'),('(67) 3044-0008','11.673.384/0001-20'),('(67) 9283-5722','11.673.384/0001-20'),('(62) 3087-8822','11.723.033/0001-86'),('(65) 9306-7327','11.914.332/0001-06'),('(68) 3548-1461','12.018.100/0001-24'),('(68) 9997-8449','12.018.100/0001-24'),('(62) 3373-2558','12.029.821/0001-30'),('(62) 4006-5353','12.068.008/0001-79'),('(67) 3231-7480','12.098.377/0001-04'),('(67) 9245-7526','12.098.377/0001-04'),('(54) 3025-1385','12.109.884/0001-04'),('(31) 4103-5501','12.146.671/0001-44'),('(54) 3286-5329','12.160.896/0001-55'),('(66) 3422-0860','12.212.209/0001-06'),('(83) 3292-2992','12.235.945/0001-71'),('(83) 8890-2675','12.235.945/0001-71'),('(94) 9241-2832','12.278.130/0002-50'),('(14) 3653-9930','12.352.319/0001-65'),('(62) 8153-4643','12.374.221/0001-09'),('(65) 9987-9392','12.392.729/0001-30'),('(67) 3231-8472','12.398.925/0001-11'),('(67) 9813-5794','12.398.925/0001-11'),('(41) 3343-9000','12.430.573/0001-34'),('(41) 3153-0300','12.430.573/0002-15'),('(62) 3354-1523','12.459.508/0001-31'),('(67) 3232-7333','12.481.125/0001-60'),('(64) 3621-3100','12.560.004/0001-03'),('(64) 3621-3100','12.560.004/0002-94'),('(64) 3621-3100','12.560.004/0003-75'),('(64) 3611-4131','12.560.004/0004-56'),('(64) 3621-3100','12.560.004/0004-56'),('(64) 3611-4131','12.560.004/0005-37'),('(91) 3425-4130','12.560.061/0001-92'),('(51) 3654-1195','12.568.385/0001-77'),('(68) 3546-5304','12.581.263/0001-10'),('(68) 9934-4002','12.581.263/0001-10'),('(64) 3471-1522','12.645.350/0001-94'),('(64) 3471-1884','12.645.350/0001-94'),('(24) 3371-5265','12.664.468/0001-60'),('(24) 99999-9932','12.664.468/0001-60'),('(12) 3896-5202','12.710.988/0001-61'),('(66) 8422-3252','12.839.456/0001-29'),('(66) 8445-9366','12.839.456/0001-29'),('(19) 3229-7421','12.850.585/0001-18'),('(61) 3612-1102','12.905.586/0001-12'),('(32) 3333-3016','13.028.262/0001-06'),('(65) 9639-3076','13.097.676/0001-97'),('(84) 3206-1541','13.102.979/0001-50'),('(27) 3119-0002','13.330.548/0001-41'),('(27) 99763-5314','13.330.548/0001-41'),('(91) 98823-4445','13.422.994/0001-86'),('(61) 3242-6399','13.497.202/0001-32'),('(61) 3442-1027','13.497.202/0001-32'),('(68) 9203-3376','13.523.813/0001-08'),('(68) 9211-8156','13.523.813/0001-08'),('(62) 3343-1023','13.652.337/0001-25'),('(67) 3044-6555','13.666.357/0001-55'),('(67) 9227-3345','13.666.357/0001-55'),('(64) 9301-9977','13.722.366/0001-16'),('(47) 9907-8609','13.753.707/0001-10'),('(65) 3376-1594','13.760.013/0001-00'),('(67) 3245-2694','13.771.888/0001-08'),('(62) 03921-0100','13.817.361/0001-77'),('(62) 9838-3334','13.817.361/0001-77'),('(67) 3242-3794','13.822.289/0001-76'),('(65) 3259-1414','13.862.160/0001-91'),('(65) 3383-3053','13.869.652/0001-09'),('(61) 3612-2627','13.904.074/0001-02'),('(67) 3383-9088','13.939.748/0001-04'),('(66) 3405-7184','14.008.566/0001-74'),('(79) 3243-6744','14.068.453/0001-64'),('(79) 3255-1030','14.068.453/0001-64'),('(65) 3301-1860','14.222.544/0001-02'),('(64) 3442-4719','14.234.077/0001-30'),('(67) 3456-1471','14.262.645/0001-07'),('(67) 3456-4796','14.262.645/0001-07'),('(67) 3341-0010','14.284.810/0001-21'),('(67) 9962-7844','14.284.810/0001-21'),('(68) 3224-9206','14.292.452/0001-07'),('(68) 3224-9265','14.292.452/0001-07'),('(68) 3222-7760','14.292.585/0001-75'),('(68) 9911-6795','14.329.809/0001-76'),('(19) 3895-9500','14.341.343/0001-24'),('(68) 9204-4638','14.353.923/0001-31'),('(68) 3463-2471','14.362.875/0001-48'),('(68) 8111-2123','14.362.875/0001-48'),('(67) 3042-1498','14.371.051/0001-34'),('(67) 3043-7464','14.371.051/0001-34'),('(87) 2101-3777','14.376.253/0001-79'),('(62) 3942-4472','14.377.401/0001-70'),('(61) 3039-1717','14.431.690/0001-48'),('(61) 9287-5602','14.431.690/0001-48'),('(67) 9613-2200','14.496.286/0001-52'),('(82) 3265-1265','14.593.087/0001-62'),('(64) 3411-3659','14.645.721/0001-63'),('(98) 99966-5597','14.649.063/0001-88'),('(71) 3252-5043','14.653.589/0001-31'),('(71) 3288-0236','14.653.589/0001-31'),('(47) 3369-5510','14.657.582/0001-98'),('(47) 9918-5877','14.657.582/0001-98'),('(66) 3461-1235','14.673.976/0001-30'),('(66) 3521-1058','14.673.976/0001-30'),('(67) 3269-1390','14.683.166/0001-64'),('(66) 3401-4359','14.758.147/0001-50'),('(64) 8406-0432','14.879.932/0001-60'),('(67) 9985-2600','14.905.864/0001-67'),('(62) 3259-8118','14.916.271/0001-04'),('(82) 3421-2455','14.980.275/0002-24'),('(64) 3679-1368','14.983.551/0001-27'),('(68) 3232-3021','15.193.424/0001-97'),('(38) 3754-1998','15.275.199/0001-38'),('(64) 3636-7485','15.276.936/0001-17'),('(61) 2109-2101','15.288.016/0001-19'),('(61) 2109-2143','15.288.016/0001-19'),('(65) 3634-0199','15.337.148/0001-93'),('(68) 3546-4873','15.338.675/0001-12'),('(67) 3257-1071','15.359.986/0001-68'),('(28) 3556-1101','15.407.743/0001-58'),('(28) 3556-1631','15.407.743/0001-58'),('(95) 3621-7100','15.417.591/0001-74'),('(91) 8863-8764','15.421.543/0001-50'),('(82) 3552-1208','15.427.306/0001-04'),('(67) 3421-4311','15.482.185/0001-95'),('(69) 9230-3345','15.522.363/0001-64'),('(95) 3623-1621','15.588.545/0001-38'),('(68) 9922-4192','15.589.816/0001-70'),('(27) 3209-3210','15.661.807/0001-42'),('(27) 99946-5506','15.661.807/0001-42'),('(28) 99995-9686','15.674.697/0001-53'),('(68) 9958-4722','15.730.143/0001-26'),('(88) 9947-3003','15.762.866/0001-07'),('(67) 3222-4259','15.790.647/0001-31'),('(24) 99827-9689','15.800.445/0001-23'),('(94) 99169-2967','15.810.140/0001-00'),('(68) 9991-0411','15.826.439/0001-45'),('(27) 3091-5184','15.862.996/0001-11'),('(91) 98485-0238','16.704.685/0001-97'),('(27) 99907-9480','16.846.015/0001-05'),('(61) 3032-1547','16.850.322/0001-60'),('(61) 3202-0051','16.850.322/0001-60'),('(62) 3922-6010','16.988.013/0001-50'),('(27) 3055-3390','17.040.591/0001-23'),('(27) 3341-7542','17.040.591/0001-23'),('(91) 98158-7847','17.101.341/0001-56'),('(65) 9256-2677','17.204.471/0001-14'),('(62) 3336-5986','17.236.868/0001-98'),('(62) 3446-1527','17.276.424/0001-86'),('(41) 3292-1924','17.336.687/0001-33'),('(67) 3241-4091','17.473.363/0001-47'),('(66) 3401-7676','17.474.915/0001-31'),('(94) 99235-9901','17.502.354/0001-37'),('(61) 3568-6387','17.512.544/0001-35'),('(68) 9994-1781','17.556.956/0001-77'),('(68) 3322-3388','17.574.894/0001-26'),('(68) 9923-2569','17.574.894/0001-26'),('(66) 3461-1127','17.647.669/0001-72'),('(65) 3301-3129','17.670.956/0001-01'),('(65) 9317-9673','17.670.956/0001-01'),('(71) 4141-7220','17.674.563/0001-68'),('(67) 3422-1516','17.677.161/0001-17'),('(67) 9964-8230','17.677.161/0001-17'),('(61) 3435-9494','17.754.849/0001-53'),('(61) 3436-1001','17.754.849/0001-53'),('(65) 3682-2891','17.825.203/0001-10'),('(83) 3506-9423','17.882.347/0001-08'),('(65) 3682-2786','17.936.734/0001-80'),('(84) 3278-2067','17.956.586/0001-65'),('(12) 3971-2235','18.189.618/0001-07'),('(68) 9923-4559','18.191.942/0001-60'),('(68) 9989-1168','18.191.942/0001-60'),('(62) 3446-1991','18.290.519/0001-17'),('(67) 3222-2180','18.391.189/0001-56'),('(61) 2196-4263','18.563.042/0001-04'),('(62) 3924-7971','18.725.079/0001-83'),('(28) 3545-1671','18.761.808/0001-57'),('(41) 3153-0900','18.804.418/0001-17'),('(67) 3456-2771','18.881.241/0001-52'),('(84) 3471-2296','19.133.613/0001-25'),('(64) 9641-7275','19.144.052/0001-60'),('(62) 3942-4472','19.162.372/0001-42'),('(47) 3422-0485','19.176.660/0001-56'),('(91) 3425-5093','19.244.867/0001-10'),('(91) 98101-7174','19.244.867/0001-10'),('(91) 98032-6757','19.279.242/0001-94'),('(67) 3042-8888','19.287.700/0001-37'),('(67) 3030-1111','19.420.498/0001-70'),('(67) 9971-2274','19.420.498/0001-70'),('(61) 8417-9590','19.434.413/0001-02'),('(27) 3259-3438','19.440.389/0001-14'),('(27) 99634-1828','19.440.389/0001-14'),('(91) 98855-8602','19.474.088/0001-01'),('(94) 3558-1122','19.511.494/0001-05'),('(91) 98032-7628','19.519.316/0001-12'),('(62) 3575-6378','19.529.461/0001-84'),('(67) 3033-0641','19.586.662/0001-13'),('(67) 9603-2170','19.586.662/0001-13'),('(67) 3233-3588','19.705.967/0001-05'),('(38) 9922-7664','19.742.891/0001-80'),('(45) 3035-2775','19.812.448/0001-38'),('(66) 3022-7502','19.910.396/0001-32'),('(66) 3421-9998','19.910.396/0001-32'),('(38) 3238-2115','19.922.856/0001-42'),('(61) 9693-1666','19.945.143/0001-02'),('(62) 4006-5353','19.964.339/0001-36'),('(91) 98393-1226','20.025.403/0001-00'),('(64) 8133-1122','20.138.297/0001-63'),('(22) 2623-0792','20.153.316/0001-20'),('(61) 2222-0000','20.175.900/0001-87'),('(61) 8596-3106','20.175.900/0001-87'),('(64) 3661-2584','20.200.050/0001-20'),('(64) 9989-7179','20.200.050/0001-20'),('(65) 2127-4692','20.243.280/0001-76'),('(65) 3054-1388','20.243.280/0001-76'),('(12) 3833-4532','20.246.178/0001-24'),('(98) 9851-9493','20.256.960/0001-24'),('(93) 9102-0222','20.347.342/0001-90'),('(64) 9902-0240','20.390.405/0001-90'),('(91) 98909-1986','20.457.593/0001-27'),('(67) 9202-3778','20.461.971/0001-46'),('(91) 98839-4746','20.503.841/0001-29'),('(49) 9932-7647','20.555.290/0001-47'),('(28) 99909-9613','20.598.950/0001-77'),('(86) 9977-4411','20.602.253/0001-42'),('(82) 9177-4748','20.679.888/0001-48'),('(64) 9981-4918','20.759.975/0001-05'),('(61) 8314-8308','20.835.896/0001-36'),('(61) 9974-9503','20.835.896/0001-36'),('(17) 3543-2094','20.870.475/0001-46'),('(79) 9971-8985','20.919.158/0001-77'),('(83) 8808-8129','20.925.687/0001-83'),('(65) 9981-0269','20.932.453/0001-63'),('(54) 3321-6299','20.949.734/0001-29'),('(84) 3214-2137','20.956.516/0001-11'),('(73) 8181-0808','20.962.727/0001-67'),('(65) 9954-1832','21.040.689/0001-58'),('(62) 3637-0241','21.111.245/0001-66'),('(65) 3054-1388','21.156.478/0001-85'),('(91) 3741-1988','21.219.445/0001-37'),('(67) 3325-4478','21.286.278/0001-47'),('(67) 9271-3577','21.286.278/0001-47'),('(12) 3832-3440','21.288.186/0001-04'),('(31) 3471-2000','21.313.682/0001-62'),('(64) 3455-2112','21.338.266/0001-19'),('(91) 3231-2811','21.346.202/0001-60'),('(91) 9235-8783','21.346.202/0001-60'),('(67) 3255-3152','21.389.362/0001-96'),('(61) 3036-1101','21.424.088/0001-49'),('(65) 8449-8028','21.468.524/0001-81'),('(65) 9998-1559','21.490.288/0001-08'),('(61) 3612-1784','21.496.548/0001-44'),('(31) 3789-0029','21.499.696/0001-12'),('(12) 3833-3516','21.501.045/0001-10'),('(65) 9318-6446','21.582.583/0001-86'),('(65) 2129-2009','21.587.201/0001-07'),('(38) 3561-9192','21.662.424/0001-91'),('(37) 3241-5825','21.676.846/0001-16'),('(61) 8328-4003','21.755.154/0001-63'),('(12) 3971-2385','21.833.416/0001-60'),('(67) 3032-2980','21.870.094/0001-20'),('(61) 3223-0051','21.938.549/0001-00'),('(64) 3622-5220','21.998.418/0001-00'),('(62) 3287-9292','22.041.233/0001-75'),('(61) 9287-5602','22.104.342/0001-94'),('(66) 3451-1522','22.220.352/0001-95'),('(66) 9603-0859','22.220.352/0001-95'),('(62) 3382-3103','22.279.156/0001-96'),('(67) 3439-1115','22.416.111/0001-16'),('(67) 9209-2112','22.416.111/0001-16'),('(65) 9944-3286','22.418.664/0001-08'),('(98) 9962-8972','22.446.218/0001-07'),('(84) 99483-6566','22.564.155/0001-93'),('(66) 3401-3376','22.596.363/0001-74'),('(66) 9205-5511','22.596.363/0001-74'),('(65) 3382-6426','22.704.204/0001-46'),('(61) 3468-8118','22.715.974/0001-94'),('(61) 9697-5962','22.725.924/0001-98'),('(12) 3833-6808','22.727.170/0001-05'),('(67) 3421-5050','22.751.730/0001-67'),('(67) 9956-1266','22.751.730/0001-67'),('(61) 3046-3346','22.838.706/0001-60'),('(63) 3372-1913','22.848.181/0001-43'),('(93) 3067-8000','22.939.167/0001-55'),('(67) 3044-0423','23.056.700/0001-01'),('(67) 99827-2090','23.056.700/0001-01'),('(61) 3201-8899','23.186.660/0001-04'),('(84) 3278-2833','23.373.402/0001-37'),('(91) 3199-3583','23.380.380/0001-32'),('(62) 3092-7852','23.390.678/0001-23'),('(65) 8424-1800','23.483.921/0001-58'),('(65) 9688-0479','23.483.921/0001-58'),('(95) 99151-2724','23.724.517/0001-29'),('(62) 3373-2243','23.797.856/0001-35'),('(31) 3497-4613','23.827.769/0001-83'),('(82) 99335-8144','23.889.634/0001-42'),('(62) 3095-2020','24.072.732/0001-55'),('(62) 8111-7232','24.072.732/0001-55'),('(62) 9926-9670','24.249.509/0001-30'),('(61) 9255-5423','24.341.559/0001-43'),('(98) 98823-9131','24.400.983/0001-11'),('(61) 3363-3809','24.660.065/0001-21'),('(98) 99197-5374','24.765.861/0001-29'),('(62) 3223-3141','25.023.706/0001-08'),('(61) 3032-3133','26.436.600/0001-90'),('(61) 3965-7711','26.463.976/0001-94'),('(67) 3231-1615','26.834.523/0001-27'),('(67) 9639-6788','26.834.523/0001-27'),('(27) 3251-1560','27.475.482/0001-92'),('(21) 2558-3242','31.337.298/0001-53'),('(27) 3272-1308','32.396.293/0001-64'),('(71) 3242-6314','32.621.484/0001-82'),('(71) 3321-1712','32.621.484/0001-82'),('(65) 3266-1676','32.942.369/0001-00'),('(65) 3266-1976','32.942.369/0001-00'),('(65) 3308-1219','32.979.841/0001-89'),('(21) 2210-5040','33.039.959/0001-90'),('(67) 3231-3032','33.143.652/0001-34'),('(64) 3679-1368','33.351.834/0001-09'),('(91) 4008-0001','34.642.579/0001-08'),('(67) 3467-3407','37.570.181/0001-00'),('(27) 3336-1949','39.277.058/0001-12'),('(27) 3343-5140','39.277.058/0001-12'),('(27) 3315-0018','39.332.770/0001-77'),('(27) 3315-0018','39.332.770/0002-58'),('(28) 3553-2808','39.810.551/0001-56'),('(28) 9946-5353','39.810.551/0001-56'),('(12) 3835-1764','60.439.759/0001-05'),('(62) 3624-3100','66.542.002/0032-17'),('(86) 3233-2294','69.665.669/0001-07'),('(67) 3042-0012','70.362.835/0001-77'),('(37) 3271-4429','71.168.470/0001-07'),('(67) 3255-2763','73.890.113/0001-83'),('(15) 3521-7544','74.383.670/0001-70'),('(15) 3522-4359','74.383.670/0001-70'),('(94) 99262-9887','83.325.183/0001-42'),('(91) 3721-4084','83.578.393/0001-42'),('(91) 3771-4331','83.897.934/0001-03'),('(68) 3231-1025','84.303.908/0001-64'),('(68) 9961-4078','84.303.908/0001-64'),('(68) 3224-1396','84.304.765/0001-05'),('(68) 3224-2652','84.316.546/0001-46'),('(68) 9971-1363','84.316.546/0001-46'),('(68) 3226-4242','84.322.213/0002-00'),('(68) 3223-8445','84.322.213/0003-91'),('(68) 3223-0826','84.326.388/0001-05'),('(55) 9200-3557','89.846.489/0001-20'),('(51) 3339-3046','90.578.451/0001-01');
/*!40000 ALTER TABLE `EMPRESA_TELEFONE` ENABLE KEYS */;
UNLOCK TABLES;

--
-- Table structure for table `LINGUA`
--

DROP TABLE IF EXISTS `LINGUA`;
/*!40101 SET @saved_cs_client     = @@character_set_client */;
/*!40101 SET character_set_client = utf8 */;
CREATE TABLE `LINGUA` (
  `id_lingua` int(2) NOT NULL,
  `nome` varchar(8) NOT NULL,
  PRIMARY KEY (`id_lingua`),
  UNIQUE KEY `nome` (`nome`)
) ENGINE=InnoDB DEFAULT CHARSET=latin1;
/*!40101 SET character_set_client = @saved_cs_client */;

--
-- Dumping data for table `LINGUA`
--

LOCK TABLES `LINGUA` WRITE;
/*!40000 ALTER TABLE `LINGUA` DISABLE KEYS */;
INSERT INTO `LINGUA` VALUES (4,'Alemão'),(3,'Espanhol'),(5,'Francês'),(9,'Hebraico'),(2,'Inglês'),(6,'Italiano'),(10,'Japonês'),(11,'Mandarim'),(1,'Outra'),(7,'Russo'),(8,'Sérvio');
/*!40000 ALTER TABLE `LINGUA` ENABLE KEYS */;
UNLOCK TABLES;

--
-- Table structure for table `LOCAL`
--

DROP TABLE IF EXISTS `LOCAL`;
/*!40101 SET @saved_cs_client     = @@character_set_client */;
/*!40101 SET character_set_client = utf8 */;
CREATE TABLE `LOCAL` (
  `cnpj` varchar(18) NOT NULL,
  `cep` int(8) NOT NULL,
  `uf` char(2) NOT NULL,
  `cidade` varchar(40) NOT NULL,
  `bairro` varchar(48) NOT NULL,
  `logradouro` varchar(89) NOT NULL,
  PRIMARY KEY (`cnpj`),
  UNIQUE KEY `logradouro` (`logradouro`),
  CONSTRAINT `LOCAL_ibfk_1` FOREIGN KEY (`cnpj`) REFERENCES `EMPRESA` (`cnpj`) ON DELETE CASCADE
) ENGINE=InnoDB DEFAULT CHARSET=latin1;
/*!40101 SET character_set_client = @saved_cs_client */;

--
-- Dumping data for table `LOCAL`
--

LOCK TABLES `LOCAL` WRITE;
/*!40000 ALTER TABLE `LOCAL` DISABLE KEYS */;
INSERT INTO `LOCAL` VALUES ('00.101.413/0001-62',78043400,'MT','Cuiabá','Duque de Caxias II','AV. FILINTO MULLER, Nº 788'),('00.193.508/0001-53',79990000,'MS','Amambaí','Amambaí','AV PEDRO MANVAILER, 2431'),('00.360.212/0001-80',78300000,'MT','Tangará da Serra','Tangará da Serra','AV. VEREADOR NILO TORRES , 751-W, SL. 24, PARQUE LEBLON'),('00.378.163/0001-02',62840000,'CE','Beberibe','Beberibe','RUA DA PRAIA, S/N - MORRO BRANCO'),('00.735.389/0001-13',71953100,'DF','Taguatinga','Areal (Águas Claras)','QS 03 LOTE 23 LOJA 01 E 02 EPTG'),('00.742.049/0001-10',70238510,'DF','Brasília','Asa Sul','SHC/SUL CL QD 404 BL B LJ 23'),('00.754.980/0001-18',69940000,'AC','Sena Madureira','Sena Madureira','AVENIDA BRASIL,151-CENTRO'),('00.781.247/0001-92',65590000,'MA','Barreirinhas','Barreirinhas','ESTRADA SOBRADINHO/MORRO ALTO, Nº 01 - ZONAL RURAL'),('00.986.059/0001-09',79002070,'MS','Campo Grande','Centro','AVENIDA AFONSO PENA  N° 1967'),('01.031.452/0001-01',57955000,'AL','Maragogi','Maragogi','RUA SIMIÃO R. DE ALBUQUERQUE, 620 - SÃO BENTO'),('01.049.992/0001-04',79290000,'MS','Bonito','Bonito','RUA CEL PILAD REBUA, 1852'),('01.277.203/0001-92',62580000,'CE','Acaraú','Acaraú','RUA SANTO ANTONIO, 1550 - CENTRO'),('01.323.591/0001-09',78360000,'MT','Campo Novo do Parecis','Campo Novo do Parecis','ROD BR 364, KM 919'),('01.348.175/0001-57',17380000,'SP','Brotas','Brotas','PRAÇA AMADOR SIMÕES, 61'),('01.418.153/0001-16',73010521,'DF','Sobradinho','Sobradinho','NUCLEO RURAL DE SOBRADINHO I S/N LOTE 46'),('01.422.791/0001-00',95400000,'RS','São Francisco de Paula','São Francisco de Paula','RUA ASSIS BRASIL, 258'),('01.506.917/0001-25',74043020,'GO','Goiânia','Setor Central','AV TOCANTINS 683 QD: 70 LT:77/20'),('01.563.447/0001-31',68647000,'PA','Tracuateua','Tracuateua','RUA SÃO SEBASTIÃO, Nº100 TÉRREO'),('01.776.980/0001-81',71805700,'DF','Riacho Fundo','Riacho Fundo','QN 07 CONJ 02 LOTE 06'),('01.778.978/0001-41',20241270,'RJ','Rio de Janeiro','Santa Teresa','RUA APRAZIVEL Nº 62'),('01.793.112/0001-00',58104170,'PB','Campina Grande','José Pinheiro','AV. SEVERINO CABRAL Nº 1200 SHOP. CENTER BOULEVARD'),('01.891.245/0001-19',69912000,'AC','Rio Branco','Estação Experimental','VIA VERDE SHOPPING Nº2320-SL.90'),('01.937.072/0001-22',79031900,'MS','Campo Grande','Santa Fé','AV. AFONSO PENA, 4.909 - LOJA 802 - SHOPPING CAMPO GRANDE'),('01.943.113/0001-93',69980000,'AC','Cruzeiro do Sul','Cruzeiro do Sul','AV:COPACABANA -397-COPACABANA'),('01.969.294/0001-27',79010010,'MS','Campo Grande','Centro','RUA ABRÃO JULIO RAHE, 795'),('02.019.387/0001-53',78700541,'MT','Rondonópolis','Jardim Pioneiros','RUA FRANCISCO FELIX, 803'),('02.264.616/0001-03',79760000,'MS','Bataiporã','Bataiporã','AVENIDA BRASIL, 1335 - CENTRO'),('02.264.674/0001-29',58039101,'PB','João Pessoa','Tambaú','AV NEGO, 476'),('02.474.574/0001-27',74085450,'GO','Goiânia','Setor Sul','RUA 120 Nº180 SETOR SUL'),('02.591.246/0001-00',74672685,'GO','Goiânia','Santa Genoveva','AV SUCURI 2027 QD: 131 LT:73 BAIRRO SANTA GENOVEVA '),('02.700.127/0001-49',78360000,'MT','Campo Novo do Parecis','Campo Novo do Parecis','RUA SAO PAULO, 1393'),('02.707.140/0002-00',75690000,'GO','Caldas Novas','Caldas Novas','R CEL CIRILO SN QD LT 2 CENTRO'),('02.831.735/0001-92',11600000,'SP','São Sebastião','São Sebastião','AV ITATINGA, 288 - LOJAS 1 E 2'),('02.900.638/0001-04',58104173,'PB','Campina Grande','José Pinheiro','AV SEVERINO CABRAL 1190 LOJA 100 PISO 01 CATOLE'),('02.933.463/0001-31',74075080,'GO','Goiânia','Setor Aeroporto','RUA 2 A , 134 QD 5A LT 13'),('03.145.782/0001-45',63475000,'CE','Jaguaribe','Jaguaribe','ROD BR 116 KM 299, S/N - TÉRREO - CRUZEIRO'),('03.185.546/0001-52',58051124,'PB','João Pessoa','Bancários','RUA DJALMA COELHO  N° 20'),('03.248.275/0001-37',78780000,'MT','Alto Araguaia','Alto Araguaia','R. BENJAMIN CONSTANT, 28 PRAÇAS'),('03.290.681/0001-68',74265010,'GO','Goiânia','Jardim América','AV. C-1 QD. 49 LT. 04 Nº510'),('03.329.419/0001-80',70200002,'DF','Brasília','Asa Sul','SCE/SUL CENTRO DE LAZER BEIRA LAGO TRECHO 02 '),('03.337.966/0001-07',69020230,'AM','Manaus','Centro','RUA LAURO CAVALCANTE, Nº101 '),('03.344.534/0001-23',71625500,'DF','Lago Sul','Setor de Habitações Individuais Sul','SHIS CC QI 05 BLOCO A LOJA 21 PARTE A '),('03.418.070/0001-52',69902260,'AC','Rio Branco','Corrente','ROD.AC.01 KM.02-ANTIGO AEROPORTO-2ºDISTRITO'),('03.427.671/0001-21',76420000,'GO','Niquelândia','Niquelândia','R 15 DE NOVEMBRO 23 CENTRO'),('03.515.132/0001-44',79005000,'MS','Campo Grande','Amambaí','AV AFONSO PENA 1279 C5'),('03.660.361/0001-52',66023170,'PA','Belém','Cidade Velha','TV PADRE EUTÍQUIO, 1078 LOJA 410- 3 PISO'),('03.668.086/0001-13',74125100,'GO','Goiânia','Setor Oeste','AV. R 9 Nº 43 QD. R - 10 B LT. 10 E SETOR OESTE'),('03.692.413/0001-72',57935000,'AL','Paripueira','Paripueira','RUA  PROJETADA, 23'),('03.707.280/0001-60',37690000,'MG','Sapucaí-Mirim','Sapucaí-Mirim','AV CEL FELIX PINTO DE CARVALHO 45'),('03.708.641/0001-93',79002184,'MS','Campo Grande','Centro','RUA DOM AQUINO Nº 1697'),('03.751.209/0001-85',66010020,'PA','Belém','Campina','BOULEVARD CASTILHO FRANÇA S/N, ARMAZÉM 2'),('03.760.307/0001-89',29656000,'ES','Alto Caldeirão (Santa Teresa) - Distrito','Alto Caldeirão (Santa Teresa) - Distrito','ROD GALERONO AFONSO VENTURINI S/N°'),('03.821.134/0001-61',87013260,'PR','Maringá','Zona 01','AV. TIRADENTES, 133'),('03.970.016/0001-15',79002370,'MS','Campo Grande','Centro','RUA PEDRO CELESTINO Nº 1513 '),('04.027.235/0003-90',71218900,'DF','Guará','Zona Industrial','ST SCEE SUL LOTE B PARTE'),('04.095.843/0001-70',69922000,'AC','Capixaba','Capixaba','AV:GOVERNADOR EDMUNDO PINTO-201-A CENTRO'),('04.097.808/0001-90',78790000,'MT','Itiquira','Itiquira','RUA DOS CURIOS, S/N°, ANEXO A ANTIGA RODOVIARIA, OURO BRANCO DO SUL'),('04.117.529/0001-40',69934000,'AC','Epitaciolândia','Epitaciolândia','AV. SANTOS DUMONT, Nº 46 - CENTRO'),('04.296.594/0001-80',73850000,'GO','Cristalina','Cristalina','R VISCONDE DE MAUA SN QD: C LT: 17  LOJA 01 '),('04.310.915/0001-54',29650000,'ES','Santa Teresa','Santa Teresa','AV M. ANGELICA VERVLOET DOS SANTOS, 310'),('04.377.329/0001-27',79290000,'MS','Bonito','Bonito','R. 29 DE MAIO, 886'),('04.422.806/0001-29',65200000,'MA','Pinheiro','Pinheiro','AVENIDA PRINCIPAL 770 BAIRRO PACAS'),('04.432.638/0001-52',89620000,'SC','Campos Novos','Campos Novos','MARGENS DA BR 282- KM 341'),('04.451.189/0001-90',78964240,'RO','Ji-Paraná','Nova Brasília','AV. TRANSCONTINENTAL, Nº 7910'),('04.487.285/0001-98',35901029,'MG','Itabira','João XXIII','RUA HUMBERTO CAMPOS, 168'),('04.488.719/0001-74',69932000,'AC','Brasiléia','Brasiléia','AV.JOSÉ RUI LINO,191-CENTRO'),('04.516.178/0001-40',75380000,'GO','Trindade','Trindade','R DR IRANY FERREIRA Nº 716 LT 23 VILA WILIAM'),('04.588.481/0001-59',79130000,'MS','Rio Brilhante','Rio Brilhante','R. DR. JULIO SIQUEIRA MAIA, 952'),('04.798.048/0001-48',45810000,'BA','Porto Seguro','Porto Seguro','RUA GENERAL FREITAS, N 42. CENTRO'),('04.855.525/0001-60',78043306,'MT','Cuiabá','Duque de Caxias I','AV MIGUEL SUTIL, 6741, SALAS M E N'),('04.886.649/0001-02',74810907,'GO','Goiânia','Jardim Goiás','AV. DEP. JAMEL CE. 3.300 QD 34 LT 2-E S.T-116 SHOP. FLAMBOAN'),('04.916.814/0001-21',73850000,'GO','Cristalina','Cristalina','R 7 DE SETEMBRO N 1806 LJ 01 CENTRO'),('05.013.665/0001-53',79200000,'MS','Aquidauana','Aquidauana','RUA AUGUSTO MASCARENHAS, 573'),('05.061.116/0001-54',29055460,'ES','Vitória','Praia do Canto','RUA JOAQUIM LYRIO'),('05.152.885/0001-68',79825060,'MS','Dourados','Vila Progresso','AV. PRESIDENTE VARGAS Nº 1061'),('05.266.878/0001-97',85853868,'PR','Foz do Iguaçu','IMÓVEL CATARATAS - GLEB','RUA ITABORAI, 3815 ARROIO DOURADO'),('05.346.037/0001-90',12490000,'SP','São Bento do Sapucaí','São Bento do Sapucaí','AV CONSELHEIRO RODRIGUES ALVES, 128'),('05.387.096/0001-06',14020039,'SP','Ribeirão Preto','Vila Seixas','AV NOVE DE JULHO, 1959'),('05.391.736/0001-51',29255000,'ES','Marechal Floriano','Marechal Floriano','RODOVIA BR 262  KM 58,5  POSTO DO CAF, LOJA 01'),('05.484.946/0001-94',37640000,'MG','Extrema','Extrema','ROD. FERNÃO DIAS - BR381 - S/N - KM948.2'),('05.514.073/0001-15',79002363,'MS','Campo Grande','Centro','R. RUI BARBOSA, 3987'),('05.547.496/0001-31',74015080,'GO','Goiânia','Setor Central','AL DOS BURITIS N 88 QD 47 LT 12'),('05.584.167/0001-60',69940000,'AC','Sena Madureira','Sena Madureira','ESTRADA XIBUREMA-1061-TRIANGULO'),('05.621.044/0001-52',58104170,'PB','Campina Grande','José Pinheiro','AV SEVERINO  BEZERRA CABRAL 1190 PISO 01 SALA 112'),('05.624.626/0001-92',79200000,'MS','Aquidauana','Aquidauana','AV. DR. SABINO DO PATROCINIO, 429, LOTE A QUADRA 269'),('05.653.389/0001-98',72920000,'GO','Alexânia','Alexânia','ROD BR 060 KM 52'),('05.683.518/0001-90',74823410,'GO','Goiânia','Setor Bela Vista','RUA S-07 Nº 739 QD. S-28 LT. 05/06 SETOR BELA VISTA'),('05.705.958/0001-00',59580000,'RN','Maxaranguape','Maxaranguape','RUA FCO. DE ASSIS VARELA CAVALCANTE, 44 MARACAJAÚ '),('05.812.027/0001-00',59025906,'RN','Natal','Cidade Alta','AV RIO BRANCO, 571 - SALAS 409/410/411'),('05.886.165/0001-26',74230030,'GO','Goiânia','Setor Bueno','AV T4 NR 1268 QD 162 LT 01'),('05.993.519/0001-31',69908330,'AC','Rio Branco','Bosque','RUA JOSÉ DE MELO-452'),('06.040.153/0001-49',79302110,'MS','Corumbá','Centro','RUA PORTO CARREIRO, S/N TERMINAL ROD. MUNICIPAL'),('06.106.560/0001-01',37260000,'MG','Perdões','Perdões','RUA CUSTODIO MAIA, 345'),('06.123.788/0001-00',30110031,'MG','Belo Horizonte','Funcionários','AVENIDA DO CONTORNO 5821, LOJA 01'),('06.191.898/0001-09',74215150,'GO','Goiânia','Setor Bueno','RUA T-53, QD.90, LT. 08, N° 1140, SETOR BUENO'),('06.209.799/0001-07',69980000,'AC','Cruzeiro do Sul','Cruzeiro do Sul','RUA PEDRO TELES-163 CENTRO'),('06.232.670/0001-10',69901180,'AC','Rio Branco','Seis de Agosto','VIA CHICO MENDES  528'),('06.312.369/0001-16',13055900,'SP','Campinas','Jardim Itatinga','ROD. SANTOS DUMONT, S/N KM 66'),('06.351.997/0001-00',29650000,'ES','Santa Teresa','Santa Teresa','AV. GETULIO VARGAS Nº196'),('06.867.152/0001-72',71219900,'DF','Guará','Zona Industrial','SAI/SO AREA 6580 QIM 149F PARKSHOPPING'),('06.927.458/0001-77',88215000,'SC','Bombinhas','Bombinhas','VER MANOEL DOS SANTOS 450'),('07.046.301/0001-03',75940000,'GO','Edéia','Edéia','AV DOM PEDRO II SN QD. 32 LT 01 CENTRO'),('07.076.340/0001-45',78600000,'MT','Barra do Garças','Barra do Garças','TRAVESSA ALEXANDRINA GOMES, Nº 75, SETOR SUL I'),('07.109.353/0001-73',50070010,'PE','Recife','Boa Vista','RUA DO GIRIQUITI, 48 - 3 PAVIMENTO LJ 206'),('07.110.746/0001-05',23968000,'RJ','Ilha Grande','Ilha Grande','AV. NACIB MONTEIRO DE QUEIROZ, Nº 781 - ENSEADA DO ABRAÃO'),('07.123.610/0001-21',60150160,'CE','Fortaleza','Centro','AV. SANTOS DUMONT, 1815 LJ 1BL C E LJ A'),('07.194.069/0001-42',29375000,'ES','Venda Nova do Imigrante','Venda Nova do Imigrante','AV ANGELO ALTOE,886 ,LOJA 12'),('07.326.369/0001-38',62400000,'CE','Camocim','Camocim','RUA JOSÉ DE ALENCAR, 16 - CENTRO'),('07.356.338/0001-20',75701970,'GO','Catalão','Setor Central','RUA 1-B'),('07.434.696/0002-94',44300000,'BA','Cachoeira','Cachoeira','PÇA DA ACLAMAÇÃO, 02'),('07.477.046/0001-45',69922000,'AC','Capixaba','Capixaba','AV.GOVERNADOR EDMUNDO PINTO-971-CENTRO'),('07.509.543/0001-88',68721000,'PA','Salinópolis','Salinópolis','RUA JOÃO PESSOA, Nº 2465'),('07.547.527/0001-80',37460000,'MG','Passa Quatro','Passa Quatro','ROD MG 158'),('07.552.453/0001-70',69925000,'AC','Senador Guiomard','Senador Guiomard','ESTRADA AC 40 N 14586 KM 18'),('07.559.872/0001-33',39560000,'MG','Salinas','Salinas','ROD. BR 251, S/N KM 309 - ZONA RURAL '),('07.592.981/0001-52',57230000,'AL','Coruripe','Coruripe','RUA SÃO FRANCISCO, 85'),('07.603.920/0001-43',35450000,'MG','Itabirito','Itabirito','AVENIDA MANOEL SALVADOR DE OLIVEIRA 1725'),('07.629.193/0001-93',71540120,'DF','Lago Norte','Setor de Mansões do Lago Norte','CJ SML /NORTE ML 12 CASA 05'),('07.709.250/0001-44',55578000,'PE','Tamandaré','Tamandaré','SIT.ARIKINDA DOS CARNEIROS, S/N VILA LITORANEA'),('07.735.816/0001-02',79750000,'MS','Nova Andradina','Nova Andradina','ROD. MANOEL DA COSTA LIMA, S/N - ANEXO - BR 267 - KM 125'),('07.758.800/0001-15',75460000,'GO','Nerópolis','Nerópolis','AVENIDA JK QD 06 LT 03A'),('07.770.041/0001-06',91030280,'RS','Porto Alegre','Santa Maria Goretti','AV  BRINO, 62'),('07.798.042/0001-69',78830000,'MT','Dom Aquino','Dom Aquino','AV. PEDRO CELESTINO, 135, CENTRO'),('07.838.751/0001-20',69900120,'AC','Rio Branco','Centro','RUA RUI BARBOSA 180-CENTRO'),('07.844.768/0001-90',23970000,'RJ','Parati','Parati','AVENIDA OCTAVIO GAMA, N° 8'),('07.862.047/0001-03',75240000,'GO','Bela Vista de Goiás','Bela Vista de Goiás','AV SENADOR PEDRO LUDOVICO N216 CENTRO, BELA VISTA DE GOIAS - GOIAS'),('07.874.215/0001-80',78043430,'MT','Cuiabá','Quilombo','RUA PRESIDENTE CASTELO BRANCO, N 359'),('07.928.465/0001-56',73850000,'GO','Cristalina','Cristalina','AV.ANTONINO CAMILO DE ANDRADE SN QD.93 LOTE 19'),('07.945.007/0002-06',65590000,'MA','Barreirinhas','Barreirinhas','AV BEIRA RIO, 115, LOJA 02, CENTRO'),('08.242.569/0001-75',69058300,'AM','Manaus','Flores','AV. PROFESSOR NILTON LINS, Nº1560 A  - CJ. PARQUE LARANJEIRAS'),('08.273.637/0001-63',69400000,'AM','Manacapuru','Manacapuru',' ESTRADA AYRAO, Nº S/N - KM 10 - ZONA RURAL  '),('08.294.013/0001-22',95660000,'RS','Três Coroas','Três Coroas','RUA ALAGOAS, 361 - BAIRRO AGUAS BRANCAS'),('08.312.494/0001-51',29187000,'ES','Praia Grande','Praia Grande','R PORTO ALEGRE 9'),('08.318.312/0001-50',74915515,'GO','Aparecida de Goiânia','Vila São Tomaz','AV RIO VERDE, S/N LOJA 303'),('08.328.693/0001-58',74063920,'GO','Goiânia','Setor Norte Ferroviário','RUA 44, 399 LOJAS 3/4'),('08.387.405/0001-36',68903240,'AP','Macapá','Universidade','AV ALVARO NOBRE 565'),('08.451.308/0001-65',45530000,'BA','Itacaré','Centro','RUA PEDRO LONGO, 559'),('08.488.305/0001-04',70750515,'DF','Brasília','Asa Norte','SHCGN CL  RESID. QD. 709 BLOCO E LOJA 56 '),('08.491.645/0001-86',71979720,'DF','Taguatinga','Areal (Águas Claras)','QS 11 CONJ F LT 32 LOJA A VILA AREAL'),('08.608.867/0001-36',59355000,'RN','Equador','Equador','RUA CAETANO SIMAO, 100 - CENTRO'),('08.629.949/0001-67',74870230,'GO','Goiânia','Conjunto Fabiana','AV. SENHOR DO BONFIM Nº 17 QD. 05 LT. 08 CONJUNTO FABIANA'),('08.710.781/0002-09',85851030,'PR','Foz do Iguaçu','Centro','RUA MARECHAL DEODORO DA FONSECA, 644'),('08.732.997/0001-86',79170000,'MS','Sidrolândia','Sidrolândia','AV. DORVALINO DOS SANTOS, 2647'),('08.742.247/0001-95',74823130,'GO','Goiânia','Setor Pedro Ludovico','RUA 1028, 102 QUADRA 56 LOTE 16 - SETOR PEDRO LUDOVICO'),('08.753.193/0001-63',75690000,'GO','Caldas Novas','Caldas Novas','RUA:JOAQUIM G.DE MENEZES S/N QD.04 LTE 18'),('08.780.761/0001-15',79290000,'MS','Bonito','Bonito','RUA NELSON FELICIO DOS SANTOS, 664 - CENTRO'),('08.783.392/0001-14',77500000,'TO','Porto Nacional','Porto Nacional','AV JOAQUIM AIRES,3475 CASA C BAIRRO VILA NOVA'),('08.803.690/0001-29',79200000,'MS','Aquidauana','Aquidauana','RUA ESTEVÃOALVES CORREA, 1241'),('08.895.384/0006-74',13720000,'SP','São José do Rio Pardo','São José do Rio Pardo','RUA FRANCISCO GLICERIO, 477 - CXPST 41'),('08.952.305/0001-05',69980000,'AC','Cruzeiro do Sul','Cruzeiro do Sul','AV. 25 DE AGOSTO, 5311 - AEROPORTO VELHO'),('08.955.698/0001-00',79290000,'MS','Bonito','Bonito','R. NELSON FELICIO DOS SANTOS, 741'),('08.977.334/0001-21',69735000,'AM','Presidente Figueiredo','Presidente Figueiredo','EST CACHOEIRA DO URUBUI NR 222'),('09.019.347/0001-50',69970000,'AC','Tarauacá','Tarauacá','AVENIDA ANTONIO FROTA, 498 - CENTRO'),('09.068.238/0001-23',52060904,'PE','Recife','Casa Forte','R. DR. JOÃO SANTOS FILHO,255 PAV. 04 LJ.MUC 311'),('09.094.523/0001-19',79290000,'MS','Bonito','Bonito','AVENIDA PILAD REBUA 1841 - CENTRO'),('09.097.935/0001-02',71820512,'DF','Riacho Fundo','Riacho Fundo','CLS 4 BLOCO B LOTE 1 LOJA 1'),('09.137.309/0001-00',78360000,'MT','Campo Novo do Parecis','Campo Novo do Parecis','AV MATO GROSSO, 912, CENTRO'),('09.157.532/0001-01',40440360,'BA','Salvador','Caminho de Areia','AV CAMINHO DE AREIA, 153 '),('09.259.640/0001-95',39580000,'MG','Francisco Sá','Francisco Sá','ALAMEDA MONTES CLAROS'),('09.265.757/0001-81',29187000,'ES','Praia Grande','Praia Grande','R PORTO ALEGRE, 9-2°PISO'),('09.304.268/0001-91',58322000,'PB','Conde','Conde','FAZ. PRAIA ENCANTADA S/N'),('09.316.525/0001-05',76420000,'GO','Niquelândia','Niquelândia','RUA MINAS GERAIS Nº 85 BAIRRO BELO HORIZONTE'),('09.368.211/0001-56',79332030,'MS','Corumbá','Aeroporto','RUA CABRAL Nº 1628'),('09.418.876/0001-27',78365000,'MT','Sapezal','Sapezal','AV. DOURADO, 960'),('09.442.461/0001-99',67020000,'PA','Ananindeua','Águas Lindas','BR 316, S/Nº KM 6,5 LOJA 1'),('09.457.309/0001-80',66055080,'PA','Belém','Umarizal','RUA BERNAL DO COUTO, Nº 238'),('09.481.081/0001-63',58052000,'PB','João Pessoa','Anatólia','RUA BANCÁRIO SERGIO GUERRA, 90'),('09.506.280/0001-89',73850000,'GO','Cristalina','Cristalina','R MINAS GERAIS SN QD: 15 LT 10 B'),('09.512.969/0001-16',79003070,'MS','Campo Grande','Jardim Bela Vista','RUA CATUMBI, 159'),('09.520.329/0001-58',74672010,'GO','Goiânia','Santa Genoveva','AV. SÃO FRANCISCO Nº 313 QD. 34 LT. 35 SETOR SANTA GENOVEVA'),('09.577.695/0001-43',69918270,'AC','Rio Branco','Tancredo Neves','RUA:IZAURA PARENTE,1642-ESTAÇÃO EXPERIMENTAL'),('09.599.645/0001-67',78740200,'MT','Rondonópolis','Vila Aurora','AV. DOM PEDRO II, 1046'),('09.645.541/0001-41',95680000,'RS','Canela','Canela','R BORGES DE MEDEIROS  1167'),('09.653.498/0001-66',90650001,'RS','Porto Alegre','Partenon','AV BENTO GONCALVES, 4314, LOJA 32'),('10.331.768/0001-00',58322000,'PB','Conde','Conde','RUA PROJETADA S/A LOTES 11/12 QUADRA M-02 LOT CID BAL NOVO MUNDO'),('10.367.285/0001-57',29278000,'ES','Aracê','Aracê','RODOVIA ANGELO GIRARDI, KM 2,2 - ROTA DO LAGARTO  PEDRA AZUL'),('10.413.358/0001-08',74810907,'GO','Goiânia','Jardim Goiás','AV DEP JAMEL CECILIO 3300 SALA T56 57'),('10.519.013/0001-25',11680000,'SP','Ubatuba','Ubatuba','AV LEOVIGILDO DIAS VIEIRA, N°: 1106'),('10.523.012/0002-35',69909400,'AC','Rio Branco','Bosque','RUA QUINTINO BOCAIUVA,1446,BOSQUE'),('10.571.725/0001-93',29101811,'ES','Vila Velha','Praia de Itapoã','RUA DEOLINDO PERIM 79'),('10.580.005/0001-94',70390040,'DF','Brasília','Asa Sul','ST SGAS Q 904 CONJ A PARTE BLOCO G RESTAURANTE'),('10.599.031/0001-64',69908000,'AC','Rio Branco','Centro','TRAVESSA DA CATEDRAL,14-CENTRO'),('10.630.823/0001-54',68740530,'PA','Castanhal','Apeú','RUA ALZIRA MARTINS, 299.'),('10.669.332/0001-17',78740375,'MT','Rondonópolis','Jardim Mato Grosso','RUA OTAVIO PITALUGA, 300'),('10.671.775/0001-42',78045175,'MT','Cuiabá','Bosque','AV PRESIDENTE MARQUES, N° 695'),('10.715.468/0001-16',76420000,'GO','Niquelândia','Niquelândia','A GO 532 KM 30 SN MARGEM ESQUERDA ZONA RURAL'),('10.738.606/0001-82',74565450,'GO','Goiânia','Setor Urias Magalhães','AV.CENTRAL  N°1045  QD.70  LT.34 '),('10.741.655/0001-74',30720320,'MG','Belo Horizonte','Padre Eustáquio','RUA PROGRESSO Nº 425'),('10.744.426/0001-03',20921440,'RJ','Rio de Janeiro','São Cristóvão','CAMPO DE SÃO CRISTOVÃO S/N - BOX A-032, A-039 E A-40 - SÃO CRISTÓVÃO, RIO DE JANEIRO / RJ'),('10.747.040/0001-55',78600000,'MT','Barra do Garças','Barra do Garças','RUA ANTONIO CRISTINO CORTES, 82'),('10.749.777/0001-07',17015310,'SP','Bauru','Centro','\"RUA RIO BRANCO'),('10.823.136/0001-55',57030170,'AL','Maceió','Pajuçara','RUA DR ANTONIO GOUVEIA 607'),('10.853.242/0001-81',78460000,'MT','Nobres','Nobres','RUA PORTO PUBLICO, Nº 4, CENTRO'),('10.869.183/0001-30',79800021,'MS','Dourados','Centro','AV. WEIMAR GONÇALVES TORRES, 1690'),('10.878.605/0001-33',74480670,'GO','Goiânia','Jardim Curitiba','RUA JC 23 QD33 LOTE 13'),('10.924.991/0001-52',57200000,'AL','Penedo','Penedo','RUA PALMEIRA ALTA,  17 DOM CONSTANTINO'),('11.004.583/0001-45',53120160,'PE','Olinda','Carmo','TV.  MUNICIPAL , N° 09'),('11.016.958/0001-97',62598000,'CE','Jijoca de Jericoacoara','Jijoca de Jericoacoara','RUA DO FORRÓ S/N'),('11.087.972/0001-81',78575000,'MT','Juara','Juara','PRAÇA DOS COLONIZADORES, 84-5, CENTRO'),('11.094.122/0001-00',62400000,'CE','Camocim','Camocim','AV BEIRA MAR, Nº 1108 - CENTRO'),('11.101.488/0001-60',74367640,'GO','Goiânia','Residencial Eldorado','AV NAPOLI QUADRAC1/D5 COND PLAZA DOROSHOPPING'),('11.144.945/0001-01',69907000,'AC','Rio Branco','Abrahão Alab','\"AV. CEARÁ ,2.721 \"\"A\"\" ABRAHÃO ALAB\"'),('11.169.395/0001-77',78043425,'MT','Cuiabá','Quilombo','AV. SÃO SEBASTIÃO, 2937'),('11.181.421/0001-82',79290000,'MS','Bonito','Bonito','RUA CEL PILAD REBUA, 1663'),('11.214.626/0001-17',62940000,'CE','Morada Nova','Morada Nova','RUA MARTINHO LUTERO, Nº 2441'),('11.222.565/0001-30',75703630,'GO','Catalão','Loteamento Vila Cruzeiro I','AVENIDA SÃO SALVADOR Nº 22'),('11.242.459/0001-18',23970000,'RJ','Parati','Parati','ESTRADA PARATI-CUNHA, S/N KM 08'),('11.301.609/0001-17',29153084,'ES','Cariacica','Porto de Santana','RUA DA ASSEMBLEIA N 29'),('11.310.143/0001-16',75110680,'GO','Anápolis','Jundiaí','RUA VESPASIANO BATISTA N. 151, BAIRRO JUNDIAÍ'),('11.398.867/0001-63',77710000,'TO','Pedro Afonso','Pedro Afonso','RUA 06 S/N'),('11.410.558/0001-61',58220000,'PB','Bananeiras','Bananeiras','AV ALUISIO BARBOSA 01'),('11.479.355/0001-21',79803050,'MS','Dourados','Jardim América','RUA FLORIANO PEIXOTO, 599'),('11.490.039/0001-50',78785000,'MT','Alto Taquari','Alto Taquari','RUA JUSTO VERISSIMO,36'),('11.556.082/0001-71',29560000,'ES','Guaçuí','Guaçuí','AV ALEXANDRE 989 '),('11.673.384/0001-20',79002073,'MS','Campo Grande','Centro','AV AFONSO PENA 2535'),('11.723.033/0001-86',74367640,'GO','Goiânia','Residencial Eldorado','AV. NAPOLI NR 500 QD C-01 D-05 LT AREA TERREO LJ 15 PLAZA D´ORO SHOPPING'),('11.914.332/0001-06',78460000,'MT','Nobres','Nobres','RUA JÕAO DE ANDRADE, S/N, RODA D´AGUA'),('12.018.100/0001-24',69935000,'AC','Assis Brasil','Assis Brasil','RUA:DOM. GIOCONDO-371-CENTRO'),('12.029.821/0001-30',76270000,'GO','Jussara','Jussara','AV ALMIRANTE SALDANHA  N 50 QD 03 LT 5/6 SL 01/02 VILA REBOUÇAS'),('12.068.008/0001-79',74250325,'GO','Goiânia','Jardim América','AV. T-63 Nº 2167 QD. 365 LT. 02,03 E 05 JARDIM AMERICA'),('12.098.377/0001-04',79300040,'MS','Corumbá','Centro','RUA TREZE DE JUNHO 992'),('12.109.884/0001-04',95020001,'RS','Caxias do Sul','Centro','RUA  SINIMBU,  929'),('12.146.671/0001-44',31710000,'MG','Belo Horizonte','Itapoã','AV. DOM PEDRO I,402 LJ:104'),('12.160.896/0001-55',95670000,'RS','Gramado','Gramado','R GARIBALDI 580 LOJA 01 - CENTRO'),('12.212.209/0001-06',78740126,'MT','Rondonópolis','Vila Aurora','AV. LIONS INTERNACIONAL, Nº 1035'),('12.235.945/0001-71',58280000,'PB','Mamanguape','Mamanguape','RUA PRESIDENTE KENNEDY, 114'),('12.278.130/0002-50',68537000,'PA','Canaã dos Carajás','Canaã dos Carajás','AVENIDA WEINE CAVALCANTE, Nº 483'),('12.352.319/0001-65',17380000,'SP','Brotas','Brotas','AVENIDA MARIO PINOTTI, 267'),('12.374.221/0001-09',74075470,'GO','Goiânia','Setor Aeroporto','RUA 31 A, QD 26 A, LT 27 E CHAVE 31-183, Nº 43 '),('12.392.729/0001-30',78300000,'MT','Tangará da Serra','Tangará da Serra','AV VEREADOR NILO TORRES, 751-W, PQ LEBLON'),('12.398.925/0001-11',79333060,'MS','Corumbá','Dom Bosco','R. TREZE DE JUNHO, 2710'),('12.430.573/0001-34',80420090,'PR','Curitiba','Batel','AV. DO BATEL, 1280'),('12.430.573/0002-15',80620010,'PR','Curitiba','Água Verde','AVENIDA REPÚBLICA ARGENTINA, 1602'),('12.459.508/0001-31',76420000,'GO','Niquelândia','Niquelândia','FAZ SERRA NEGRA 0 ZONA RURAL'),('12.481.125/0001-60',79300002,'MS','Corumbá','Centro','RUA FREI MARIANO, 572'),('12.560.004/0001-03',75901290,'GO','Rio Verde','Setor Central','RUA RAFAEL NASCIMENTO '),('12.560.004/0002-94',75903290,'GO','Rio Verde','Jardim Goiás','AV.PRESIDENTE VARGAS N 1740 Q 14'),('12.560.004/0003-75',75908420,'GO','Rio Verde','Jardim Presidente','AV. PRESIDENTE VARGAS S/N QD 26 LT A2 BOXE 3 '),('12.560.004/0004-56',75901900,'GO','Rio Verde','Setor Central','R O N 1044 QUIOSQUE 04 BURITI SHOPP '),('12.560.004/0005-37',75901900,'GO','Rio Verde','Setor Central','R O 1044 LJ 166 BURITI SHOPP'),('12.560.061/0001-92',68600000,'PA','Bragança','Bragança','RODOVIA BR 308 Nº 1, BAIRRO RIOZINHO'),('12.568.385/0001-77',95840000,'RS','Triunfo','Triunfo','R JOAO PESSOA 372  PREDIO 1'),('12.581.263/0001-10',69934000,'AC','Epitaciolândia','Epitaciolândia','AV:INTERNACIONAL-207-CENTRO'),('12.645.350/0001-94',75620000,'GO','Pontalina','Pontalina','AV. COMERCIAL N 1075 QD 028 LT 17 CENTRO'),('12.664.468/0001-60',23970000,'RJ','Parati','Parati','RUA DR. S. PINTO S/Nº'),('12.710.988/0001-61',11630000,'SP','Ilhabela','Ilhabela','RUA POSSIDONIO GOMES DA SILVA,111'),('12.839.456/0001-29',78579000,'MT','Itanhangá','Itanhangá','AV:DEPUTADO JOSÉ GERALDO RIVA, S/N'),('12.850.585/0001-18',13050913,'SP','Campinas','Jardim do Lago','RUA JACY DE TEIXEIRA CAMARGO, 940 - LJ 230/231'),('12.905.586/0001-12',73850000,'GO','Cristalina','Cristalina','RUA:7 DE SETEMBRO N°1237 QD.30 LOTE 25'),('13.028.262/0001-06',36200034,'MG','Barbacena','Centro','AV PEREIRA TEIXEIRA, 68'),('13.097.676/0001-97',78460000,'MT','Nobres','Nobres','AV DAS FLORES, S/N°, BOM JARDIM'),('13.102.979/0001-50',59164000,'RN','Nísia Floresta','Nísia Floresta','FAZENDA HARAS CAPIBA'),('13.330.548/0001-41',29650000,'ES','Santa Teresa','Santa Teresa','R CORONEL AVANCINI 104 '),('13.422.994/0001-86',68710000,'PA','Maracanã','Maracanã','AVENIDA MAGALHÃES BARATA, 102 ITACOA'),('13.497.202/0001-32',70276510,'DF','Brasília','Asa Sul','SHCS/CL QUADRA 410 BLOCO A LOJA 13 '),('13.523.813/0001-08',69932000,'AC','Brasiléia','Brasiléia','RUA:MAJOR SALINAS,Nº284-CENTRO'),('13.652.337/0001-25',72940000,'GO','Abadiânia','Abadiânia','AV.FRANCISCA TEIXEIRA DAMAS SN QD.18 LOTE 02'),('13.666.357/0001-55',79021240,'MS','Campo Grande','Santa Fé','RUA JOÃO KAMINE Nº 621'),('13.722.366/0001-16',75620000,'GO','Pontalina','Pontalina','AV BAHIA SN QD: E LT: 3 DERGO'),('13.753.707/0001-10',89184000,'SC','Presidente Nereu','Presidente Nereu','ESTM ESTRADA GERAL, S/N, RIO BANDEIRA'),('13.760.013/0001-00',78460000,'MT','Nobres','Nobres','AV. GETULIO VARGAS, 2005, CENTRO'),('13.771.888/0001-08',79210000,'MS','Anastácio','Anastácio','R. PEDROSO ALAGUES, S/N, ESQ C RUA INDIO NECO'),('13.817.361/0001-77',74170090,'GO','Goiânia','Setor Marista','RUA 146 N 365'),('13.822.289/0001-76',79380000,'MS','Miranda','Miranda','RUA MARECHAL FLORIANO PEIXOTO, 357'),('13.862.160/0001-91',78245000,'MT','Vila Bela da Santíssima Trindade','Vila Bela da Santíssima Trindade','AV. DR. MARIO CORREA, S/N, CENTRO'),('13.869.652/0001-09',78365000,'MT','Sapezal','Sapezal','AV DOURADOS 330 SALA  4'),('13.904.074/0001-02',73850000,'GO','Cristalina','Cristalina','AV. KALED COSAC SN QD 25 LT 10 CENTRO'),('13.939.748/0001-04',79020230,'MS','Campo Grande','Centro','EUCLIDES DA CUNHA, 463'),('14.008.566/0001-74',78600000,'MT','Barra do Garças','Barra do Garças','PRAÇA PARQUE RECREATIVO SALOMÉ JOSÉ RODRIGUES, S/N, QUADRA 15, CIDADE VELHA'),('14.068.453/0001-64',49035730,'SE','Aracaju','Atalaia','AV SANTOS DUMONT, 957 '),('14.222.544/0001-02',78195000,'MT','Chapada dos Guimarães','Chapada dos Guimarães','RUA CIPRIANO CURVO, 596, CENTRO'),('14.234.077/0001-30',75701360,'GO','Catalão','Setor Central','R RICARDO PARANHOS N 841 QD 39 LT 08'),('14.262.645/0001-07',79140000,'MS','Nova Alvorada do Sul','Nova Alvorada do Sul','RUA TRES , 1613'),('14.284.810/0001-21',79051220,'MS','Campo Grande','Vila Vilas Boas','AVENIDA BOM PASTOR Nº 255'),('14.292.452/0001-07',69908680,'AC','Rio Branco','Base','RUA FRORIANO PEIXOTO 727'),('14.292.585/0001-75',69908680,'AC','Rio Branco','Base','RUA RUI BARBOSA 470,CENTRO'),('14.329.809/0001-76',69950000,'AC','Manoel Urbano','Manoel Urbano','AV.VALERIO CALDAS MAGALHÃES,S/Nº.CENTRO'),('14.341.343/0001-24',13960000,'SP','Socorro','Socorro','TRAV DA AVENIDA VICENTE LOMONICO, 50'),('14.353.923/0001-31',69901516,'AC','Rio Branco','São Francisco','ESTRADA DO QUIXADÁ,KM.20-SÃO FRANCISCO'),('14.362.875/0001-48',69960000,'AC','Feijó','Feijó','AV:MARECHAL DEODORO,923,CENTRO'),('14.371.051/0001-34',79020300,'MS','Campo Grande','Jardim dos Estados','R. 15 DE NOVEMBRO, 2098'),('14.376.253/0001-79',56304610,'PE','Petrolina','Centro','RUA OLIMPIO VIRGINIO , N° 88 , 7° ANDAR'),('14.377.401/0001-70',74840670,'GO','Goiânia','Parque Amazônia','RUA PARINTINS Nº 321 QD. 76 LT. 05 PARQUE AMAZONIA'),('14.431.690/0001-48',71571407,'DF','Paranoá','Paranoá','QUADRA 14 CONJUNTO G CASA 03'),('14.496.286/0001-52',79220000,'MS','Nioaque','Nioaque','AV. VISCONDE DE TAUNAY, 645'),('14.593.087/0001-62',57150000,'AL','Pilar','Pilar','VILA SANTA RITA 3033'),('14.645.721/0001-63',75711020,'GO','Catalão','Vila Margon','AV:MARGON N 457 VILA MARGON'),('14.649.063/0001-88',65590000,'MA','Barreirinhas','Barreirinhas','AV BRASILIA, Nº 06 - CENTRO'),('14.653.589/0001-31',41290550,'BA','Salvador','Pirajá','RODOVIA BR 324, S/N, KM 9,5'),('14.657.582/0001-98',88210000,'SC','Porto Belo','Porto Belo','RUA MANOEL FELIPE DA SILVA, 139'),('14.673.976/0001-30',78820000,'MT','Jaciara','Jaciara','ROD. BR 364, S/N KM 243, BAIRRO: SANTA LUZIA'),('14.683.166/0001-64',79390000,'MS','Bodoquena','Bodoquena','ESTRADA MORRO CASCAVEL KM 18 - FAZ. MORADA DA LUA'),('14.758.147/0001-50',78600000,'MT','Barra do Garças','Barra do Garças','AV SALOME JOSE RODRIGUES, N 81 QUADRA 17 LT AREA 5 CIDADE VELHA'),('14.879.932/0001-60',75709140,'GO','Catalão','Nossa Senhora de Fátima','AV JOCELIM GOMES PIRES'),('14.905.864/0001-67',79290000,'MS','Bonito','Bonito','ROD. BONITO/GUIA LOPES, SN, BALNEARIO MUNICIPAL'),('14.916.271/0001-04',74250320,'GO','Goiânia','Jardim América','AV. T-63 N° 2940, QD 337 LOTES 14/15/16'),('14.980.275/0002-24',57600010,'AL','Palmeira dos Índios','Centro','PRAÇA DA INDEPENDENCIA, 250'),('14.983.551/0001-27',76160000,'GO','Sanclerlândia','Sanclerlândia','AV 5 DE JANEIRO QD: 02 LT: 08 E 09 SETOR ORS'),('15.193.424/0001-97',69925000,'AC','Senador Guiomard','Senador Guiomard','RUA:EDUARDO ASMAR-112- COHAB'),('15.275.199/0001-38',39205000,'MG','Três Marias','Três Marias','SITIO RIBEIRÃO DO BOI S/N'),('15.276.936/0001-17',75800040,'GO','Jataí','Setor Central','RUA ZECA LOPES - Nº 566'),('15.288.016/0001-19',70715900,'DF','Brasília','Asa Norte','SCN QUADRA 05 BLOCO A LOJA 280C 1SS'),('15.337.148/0001-93',78030400,'MT','Cuiabá','Cidade Alta','AV.AGRICOLA PAES DE BARROS, 1444'),('15.338.675/0001-12',69934000,'AC','Epitaciolândia','Epitaciolândia','AV. SANTOS DUMONT, 679 - CENTRO'),('15.359.986/0001-68',79200000,'MS','Aquidauana','Aquidauana','R. GETULIO VARGAS, SN - DISTRITO PIRAPUTANGA'),('15.407.743/0001-58',29470000,'ES','São José do Calçado','São José do Calçado','RUA FRANCISCO NUNES DE MORAES, 132'),('15.417.591/0001-74',69304560,'RR','Boa Vista','Mecejana','AV. GLAYCON DE PAIVA, 1240 SALA 5'),('15.421.543/0001-50',68721000,'PA','Salinópolis','Salinópolis','RODOVIA DO ATALAIA, S/Nº PRAIA DO ATALAIA'),('15.427.306/0001-04',57210000,'AL','Piaçabuçu','Piaçabuçu','RUA TAMANDARE, Nº 138 - CENTRO'),('15.482.185/0001-95',79810050,'MS','Dourados','Jardim São Pedro','RUA HAYEL BOM FAKER, 2410'),('15.522.363/0001-64',76880000,'RO','Buritis','Buritis','AV. AYRTON SENNA, N° 1136-A BAIRRO SETOR 02'),('15.588.545/0001-38',69307725,'RR','Boa Vista','Caçari','AV. VILLE ROY, 2670 - CENTRO'),('15.589.816/0001-70',69932000,'AC','Brasiléia','Brasiléia','AV.DRºMANUEL MARINHO MONTE-1217-ELDORADO'),('15.661.807/0001-42',29165032,'ES','Serra','PARQUE RESIDENCIAL LARA','AVENIDA CIVIT, 519 LOJA 03'),('15.674.697/0001-53',29390000,'ES','Iúna','Iúna','CORREGO DA FIGUEIRA,S/Nº, ZONA RURAL, ESTRADA IUNA'),('15.730.143/0001-26',69925000,'AC','Senador Guiomard','Senador Guiomard','AV.CASTELO BRANCO-2670-CENTRO'),('15.762.866/0001-07',62595000,'CE','Cruz','Cruz','AV. BEIRA MAR, S/N - VILA PREA'),('15.790.647/0001-31',79330030,'MS','Corumbá','Centro','R. SETE DE SETEMBRO, 300'),('15.800.445/0001-23',23970000,'RJ','Parati','Parati','RUA DOUTOR SAMUEL COSTA, N° 267'),('15.810.140/0001-00',68537000,'PA','Canaã dos Carajás','Canaã dos Carajás','AV. WEYNE CAVALCANTE,1248 CENTRO'),('15.826.439/0001-45',69932000,'AC','Brasiléia','Brasiléia','AVENIDA MANUEL MARINHO MONTE-729- TRES BOTIQUINS'),('15.862.996/0001-11',29141213,'ES','Cariacica','Boa Sorte','\"RUA DORALICE DE ABREU , 78 , PAVIMENTO:1 '),('16.704.685/0001-97',68734000,'PA','Peixe-Boi','Peixe-Boi','AV. JOÃO GOMES PEDROSA S/N'),('16.846.015/0001-05',29650000,'ES','Santa Teresa','Santa Teresa','RUA BERNARDINO MONTEIRO ,Nº 700 ANEXO ESFA DOIS PINHEIROS'),('16.850.322/0001-60',70309900,'DF','Brasília','Asa Sul','ST SC/SUL QD 01 BLOC G LOJA 01 ED. BARACAT'),('16.988.013/0001-50',74110140,'GO','Goiânia','Setor Oeste','RUA 4 N485'),('17.040.591/0001-23',29165155,'ES','Serra','Laranjeiras','AV. PRIMEIRA AVENIDA  231, LJ 136,137´'),('17.101.341/0001-56',68747000,'PA','Apeú','Apeú','AVENIDA BARÃO DO RIO BRANCO, 566 '),('17.204.471/0001-14',78460000,'MT','Nobres','Nobres','RUACARLINHOS TEIXEIRA ESPINDOLA, S/N°, VILA RODA D´AGUA'),('17.236.868/0001-98',74223060,'GO','Goiânia','Setor Bueno','AV T-10 1300 LT 10/18LJ 315 GOIANIA SHOPPING SETOR BUENO'),('17.276.424/0001-86',73770000,'GO','Alto Paraíso de Goiás','Alto Paraíso de Goiás','AV ARY RIBEIRO VALADAO 528 QD: 13 LT:14 SETOR CENTRAL'),('17.336.687/0001-33',83606176,'PR','Campo Largo','Loteamento São Gerônimo','RUA JORGE DEMÉTRIO PAULISTA, 172'),('17.473.363/0001-47',79200000,'MS','Aquidauana','Aquidauana','RUA ASSIS RIBEIRO, 663'),('17.474.915/0001-31',78600000,'MT','Barra do Garças','Barra do Garças','RUA GOIAS, 624, ADRA 14, LOTE 18, CENTRO'),('17.502.354/0001-37',68537000,'PA','Canaã dos Carajás','Canaã dos Carajás','AV. WEINE CAVALCANTE S/N'),('17.512.544/0001-35',71900100,'DF','Taguatinga','Norte (Águas Claras)','AVENIDAS DAS CASTANHEIRAS LOTE 05 LOJA 30/30A'),('17.556.956/0001-77',69927000,'AC','Porto Acre','CENTRO','AV.VALE DAS ORQUIDEAS-110-CENTRO'),('17.574.894/0001-26',69980000,'AC','Cruzeiro do Sul','Cruzeiro do Sul','AV.RODRIGUES ALVES-49 -AN.01-CENTRO'),('17.647.669/0001-72',78820000,'MT','Jaciara','Jaciara','AV: ANTONIO F. SOBRINHO, 1042, CENTRO'),('17.670.956/0001-01',78195000,'MT','Chapada dos Guimarães','Chapada dos Guimarães','RUA CIPRIANO CURVO, 580, CENTRO'),('17.674.563/0001-68',40230731,'BA','Salvador','Federação','AV. VASCO DA GAMA, 533'),('17.677.161/0001-17',79805010,'MS','Dourados','Jardim Central','RUA MAJOR CAPILÉ Nº 995'),('17.754.849/0001-53',71937000,'DF','Taguatinga','Sul (Águas Claras)','QD. 301 RUA C LOTE 04 LOJA 08 TERREO'),('17.825.203/0001-10',78132245,'MT','Várzea Grande','Capela do Piçarrão','RUA LE0NCIO LOPES MIRANDA, 900, QD 02, LOTE 06, NOVA ERA'),('17.882.347/0001-08',58035010,'PB','João Pessoa','Bessa','AV ARTUR MONTEIRO PAIVA 1096'),('17.936.734/0001-80',78110620,'MT','Várzea Grande','Centro','RUA SALIN NADAF, Nº 229A'),('17.956.586/0001-65',59290000,'RN','São Gonçalo do Amarante','São Gonçalo do Amarante','RUA VEREADOR AÍLDO MENDES, S/N - CENTRO'),('18.189.618/0001-07',12490000,'SP','São Bento do Sapucaí','São Bento do Sapucaí','RUA MAJOR MONTEIRO DE CARVALHO, 96 - FUNDOS UNIDADE 3 GALPAO'),('18.191.942/0001-60',69945000,'AC','Acrelândia','Acrelândia','RUA SEBASTIÃO BOCALOM RODRIGUES JUNIOR-392-CENTRO'),('18.290.519/0001-17',73770000,'GO','Alto Paraíso de Goiás','Alto Paraíso de Goiás','R DAS NASCENTES CR, N°19, QD. 37, LT.14 PARAISO'),('18.391.189/0001-56',79002212,'MS','Campo Grande','Centro','RUA MARACAJU, 1226'),('18.563.042/0001-04',71655560,'DF','Lago Sul','Setor de Habitações Individuais Sul','SHIS QI 21 BLOCO B PARTE B'),('18.725.079/0001-83',74823430,'GO','Goiânia','Setor Bela Vista','RUA S2 QD S1 LT 04 N 806'),('18.761.808/0001-57',29390000,'ES','Iúna','Iúna','\"R DESEMBARGADOR EPAMINONDAS AMARAL 145 , COMERCIO'),('18.804.418/0001-17',80040310,'PR','Curitiba','Juvevê','RUA AUGUSTO STRESSER, 973'),('18.881.241/0001-52',79140000,'MS','Nova Alvorada do Sul','Nova Alvorada do Sul','AV. JOFRE DE ARAUJO, 408, SALA 02'),('19.133.613/0001-25',59360000,'RN','Parelhas','Parelhas','RUA 08 DE NOVEMBRO, 107, A, CENTRO'),('19.144.052/0001-60',75901230,'GO','Rio Verde','Setor Central','R O N 1044 SALA LUC 187 ANEXO SHOP BURITIS JARDIM CAMPESTRE'),('19.162.372/0001-42',74170030,'GO','Goiânia','Setor Marista','RUA 144 SN QUADRA 50 LOTE 28 SETOR MARISTA'),('19.176.660/0001-56',89216200,'SC','Joinville','Glória','RUA QUINZE DE NOVEMBRO, 4315 '),('19.244.867/0001-10',68600000,'PA','Bragança','Bragança','AV. NAZEAZENO FERREIRA, S/N° (POSTO BOM JESUS, LOJA 08 E 09)'),('19.279.242/0001-94',68600000,'PA','Bragança','Bragança','AVENIDA NAZEAZENO FERREIRA, 173'),('19.287.700/0001-37',79020260,'MS','Campo Grande','Centro','R. GENERAL ODORICO QUADROS, 629'),('19.420.498/0001-70',79801001,'MS','Dourados','Centro','AVENIDA MARCELINO PIRES, 890 - SALA A - ESQUINA'),('19.434.413/0001-02',72210061,'DF','Ceilândia','Ceilândia Norte','QNM 06 CJ A LT 45 '),('19.440.389/0001-14',29650000,'ES','Santa Teresa','Santa Teresa','R CORONEL BONFIM JUNIOR - N°77'),('19.474.088/0001-01',68710000,'PA','Maracanã','Maracanã','AV. BERTOLDO COSTA( ORLA MARÍTIMA), S/Nº'),('19.511.494/0001-05',68537000,'PA','Canaã dos Carajás','Canaã dos Carajás','RUA MOGNO, 42'),('19.519.316/0001-12',68600000,'PA','Bragança','Bragança','RUA CONSELHEIRO JOÃO ALFREDO, Nº 4 '),('19.529.461/0001-84',74343010,'GO','Goiânia','Jardim Atlântico','AV IPANEMA 952 QD: 04 LT: 14/15 JARDIM ATLANTICO'),('19.586.662/0001-13',79801004,'MS','Dourados','Centro','AVENIDA MARCELINO PIRES Nº 3.148'),('19.705.967/0001-05',79321090,'MS','Corumbá','Popular Nova','RUA RIO GRANDE DO SUL Nº 34'),('19.742.891/0001-80',39495000,'MG','Montalvânia','Montalvânia','RUA MONTEZUMA 44'),('19.812.448/0001-38',85810080,'PR','Cascavel','Centro','RUA CARLOS DE CARVALHO, 4172'),('19.910.396/0001-32',78740162,'MT','Rondonópolis','VILA AURORA III','AV. LIONS INTERNACIONAL, Nº 878'),('19.922.856/0001-42',39570000,'MG','Grão Mogol','Grão Mogol','RUA BARROCAO, 10, BARROCAO'),('19.945.143/0001-02',70294530,'DF','Brasília','Asa Sul','CLS 215 BLOCO C LOJA 37'),('19.964.339/0001-36',74075110,'GO','Goiânia','Setor Aeroporto','ROD BR 153,S/N, QUADRAAREA LOTE01, AREA 01,BLOCO 7, FAZENDA BOTA FOGO'),('20.025.403/0001-00',68785000,'PA','Colares','Colares','TRAV. 15 DE NOVEMBRO, 333'),('20.138.297/0001-63',75908420,'GO','Rio Verde','Jardim Presidente','AV PRESIDENTE VARGAS S/N QD 26 LT A2 BOX 02 JARDIM '),('20.153.316/0001-20',28950000,'RJ','Armação dos Búzios','Armação dos Búzios','AV. JOSE BENTO RIBEIRO DANTAS, S/N° - LOJA 32 PORTA DA BARRA'),('20.175.900/0001-87',70752520,'DF','Brasília','Asa Norte','SHCN CL QUADRA 109 BLOCO B LOJA 01, SUBSOLO 5 E 71, TÉRREO'),('20.200.050/0001-20',75830000,'GO','Mineiros','Mineiros','AVENIDA OITAVA AVENIDA S/N, SETOR COSTA NERY '),('20.243.280/0001-76',78055000,'MT','Cuiabá','CPA I','AV HISTORIADOR RUBENS DE MANDONÇA, Nº 3300, TERCEIRO PISO'),('20.246.178/0001-24',11680000,'SP','Ubatuba','Ubatuba','AV GUARANI, 663 - LOJA 5 E 6'),('20.256.960/0001-24',65590000,'MA','Barreirinhas','Barreirinhas','AV BEIRA RIO 203 CENTRO'),('20.347.342/0001-90',68109000,'PA','Alter do Chão','Alter do Chão','RUA PRAIA DO CAJUEIRO, 308'),('20.390.405/0001-90',75940000,'GO','Edéia','Edéia','AV CONTORNO SN Q K LT 06 VILA SANTANA'),('20.457.593/0001-27',66913010,'PA','Belém','Chapéu Virado (Mosqueiro)','AVENIDA BEIRA MAR, Nº 4588'),('20.461.971/0001-46',79090160,'MS','Campo Grande','Vila Taveirópolis','R. ALBERT SABIN, 349'),('20.503.841/0001-29',68710000,'PA','Maracanã','Maracanã','TRAVESSA 15 DE AGOSTO S/Nº SÃO MIGUEL'),('20.555.290/0001-47',88650000,'SC','Urubici','Urubici','RUA PEDRO BERNARDO WARMLING, 1554, SL 03'),('20.598.950/0001-77',29590000,'ES','Divino de São Lourenço','Divino de São Lourenço','SIT LAIZI S/N A 12 KM DA SEDE'),('20.602.253/0001-42',65570000,'MA','Araióses','Araióses','ILHA DAS CANÁRIAS'),('20.679.888/0001-48',57210000,'AL','Piaçabuçu','Piaçabuçu','AV. ULISSES GUEDES, 103'),('20.759.975/0001-05',75901285,'GO','Rio Verde','Setor Central','R 0 1044 LOJA 190 BURITI SHOPPING'),('20.835.896/0001-36',70354500,'DF','Brasília','Asa Sul','SHCS SUPERQUADRA 307 BLOCO B PLL PARTE D '),('20.870.475/0001-46',14960000,'SP','Novo Horizonte','Novo Horizonte','R TRAJANO MACHADO, N°: 1092'),('20.919.158/0001-77',49037120,'SE','Aracaju','Atalaia','RUA DEPUTADO CLOVIS ROLEMBERG LOTE 199 E 200'),('20.925.687/0001-83',58494000,'PB','Natuba','Natuba','SITIO SALGADINHO S/N ZONA RURAL'),('20.932.453/0001-63',78049400,'MT','Cuiabá','CONDOMÍNIO FLORAIS CUIABÁ RESIDENCIAL','AV. DOS FLORAIS, Nº 09, QUADRA 03'),('20.949.734/0001-29',99700000,'RS','Erechim','Erechim','RUA SIDNEY GUERRA, 90 '),('20.956.516/0001-11',59290000,'RN','São Gonçalo do Amarante','São Gonçalo do Amarante','RUA BOM JESUS, 88 - JARDIM LOLA'),('20.962.727/0001-67',45530000,'BA','Itacaré','Centro','RUA 8, Nº8, QUADRA I, LOJA 02 - PRAIA DA CONCHA'),('21.040.689/0001-58',78470000,'MT','Rosário Oeste','Rosário Oeste','CHACARA PEDRA BRANCA, S/N°, ZONA RURAL'),('21.111.245/0001-66',74170100,'GO','Goiânia','Setor Marista','R 147 649 SETOR MARISTA '),('21.156.478/0001-85',78088010,'MT','Cuiabá','Tijucal','AVENIDA DR. MEIRELLES, 539 - ANEXO POSTO IPIRANGA'),('21.219.445/0001-37',68870000,'PA','Soure','Soure','RUA  QUARTA, Nº 626 SÃO PEDRO'),('21.286.278/0001-47',79035490,'MS','Campo Grande','Parque dos Novos Estados','AV. CONSUL ASSAF TRAD, 4796, LJ 255'),('21.288.186/0001-04',11680000,'SP','Ubatuba','Ubatuba','R GUARANI, 345'),('21.313.682/0001-62',31160370,'MG','Belo Horizonte','União','RUA ALBERTO CINTRA , 206 - LJ:04'),('21.338.266/0001-19',75690000,'GO','Caldas Novas','Caldas Novas','AV CEL BENTO DE GODOY 965 CENTRO'),('21.346.202/0001-60',68795000,'PA','Benevides','Benevides','RODOVIA BR-316, KM-27'),('21.389.362/0001-96',79290000,'MS','Bonito','Bonito','R. LUIZ DA COSTA LEITE, 2184'),('21.424.088/0001-49',71987360,'DF','Taguatinga','Área de Desenvolvimento Econômico (Águas Claras)','ADE CONJUNTO 11 LOTE 09 '),('21.468.524/0001-81',78280000,'MT','Mirassol D´Oeste','Mirassol D´Oeste','AV. GERMANO GREVE, 427'),('21.490.288/0001-08',78049400,'MT','Cuiabá','CONDOMÍNIO FLORAIS CUIABÁ RESIDENCIAL','AV. DAS FLORES, Nº 335, QUADRA 04, SALA 2B'),('21.496.548/0001-44',73850000,'GO','Cristalina','Cristalina','AV ANTONIO CAMILO DE ANDRADE SN QD: 11 LT: 01 LOJA 01 E SETOR SUL I'),('21.499.696/0001-12',30720420,'MG','Belo Horizonte','Padre Eustáquio','RUA AQUIDABAN 659'),('21.501.045/0001-10',11680000,'SP','Ubatuba','Ubatuba','RUA GUARANI, 295'),('21.582.583/0001-86',78050000,'MT','Cuiabá','Bosque da Saúde','AV. HISTORIADOR RUBENS DE MENDONÇA, Nº 3300, LOJA 1050, ANEXO SHOPPING PANTANAL'),('21.587.201/0001-07',78075850,'MT','Cuiabá','Jardim Imperial','AV DAS PALMEIRAS, QUADRA 02, N° 1-A'),('21.662.424/0001-91',38770000,'MG','João Pinheiro','João Pinheiro','RUA BR 040, KM 225'),('21.676.846/0001-16',35681160,'MG','Itaúna','Graças','RUA ELIZEU JARDIM, 344, UNIVERSITARIO'),('21.755.154/0001-63',70333900,'DF','Brasília','Asa Sul','ST SCS QD. 08 BLOCO B LOTES 50/60 LOJA 42 I'),('21.833.416/0001-60',12490000,'SP','São Bento do Sapucaí','São Bento do Sapucaí','R PINTORA ADELAIDE AZEVEDO DE MELLO, 306'),('21.870.094/0001-20',79824010,'MS','Dourados','Jardim Tropical','RUA BALBINA DE MATOS, 1123'),('21.938.549/0001-00',70307902,'DF','Brasília','Asa Sul','SCS QUADRA 07 QUIOSQUE 230'),('21.998.418/0001-00',75901970,'GO','Rio Verde','Setor Central','RUA O, Nº. 1044, QD. 15, LT.A, LUCS.91/92/93'),('22.041.233/0001-75',74810220,'GO','Goiânia','Jardim Goiás','R 54 N 696 QUADRA B24, LOTE 08'),('22.104.342/0001-94',71572302,'DF','Paranoá','Paranoá','AV. QD. 23 CONJ. B LOTE 30 LOJA 01/02 SUBSOLO'),('22.220.352/0001-95',78830000,'MT','Dom Aquino','Dom Aquino','RUA MARECHAL RONDON, 72, CENTRO'),('22.279.156/0001-96',76590000,'GO','São Miguel do Araguaia','São Miguel do Araguaia','AV SALUSTRINO  MARTINS PINHEIRO 96 QD:01 LT:19 E 20 PORTO LUIZ ALVES'),('22.416.111/0001-16',79013220,'MS','Campo Grande','Conjunto Residencial Estrela do Sul','R. DAS BALSAS, 155'),('22.418.664/0001-08',78460000,'MT','Nobres','Nobres','RODOVIA MT 241, S/N°, BOM JARDIM'),('22.446.218/0001-07',65590000,'MA','Barreirinhas','Barreirinhas','RUA PRINCIPAL, Nº 06 - CABURÉ'),('22.564.155/0001-93',59290000,'RN','São Gonçalo do Amarante','São Gonçalo do Amarante','RUA PRINCIPAL PAJUÇARA, 95 - PAJUÇARA'),('22.596.363/0001-74',78600000,'MT','Barra do Garças','Barra do Garças','AV SENADOR VALDON VARJAO,S/N, BR 070'),('22.704.204/0001-46',78360000,'MT','Campo Novo do Parecis','Campo Novo do Parecis','AV BRASIL 1183, ANEXO SUPERMERCADO REAL'),('22.715.974/0001-94',71503504,'DF','Lago Norte','Setor de Habitações Individuais Norte','QD. 01 CONJ. A S/N LOTE 12 '),('22.725.924/0001-98',70386530,'DF','Brasília','Asa Sul','ST SHCS  QRADRA 116 CL BLOCO C LOJA 03 '),('22.727.170/0001-05',11680000,'SP','Ubatuba','Ubatuba','R SATURNO, 117 - LOJA 06'),('22.751.730/0001-67',79825090,'MS','Dourados','Vila Progresso','RUA PRESIDENTE VARGAS Nº 1146'),('22.838.706/0001-60',70733520,'DF','Brasília','Asa Norte','SHCN CL QUADRA 104 BLOCO B LOJA 02'),('22.848.181/0001-43',77370000,'TO','Natividade','Natividade','AV.  ALBANY COSTA CERQUEIRA'),('22.939.167/0001-55',68040050,'PA','Santarém','Aldeia','AV. MENDONÇA FURTADO, 3979. SALA Ç. LIBERDADE'),('23.056.700/0001-01',79020081,'MS','Campo Grande','Centro','R. ESPIRITO SANTO, 726'),('23.186.660/0001-04',70865550,'DF','Brasília','Asa Norte','QD. CLN 410 BLOCO E LOJA 09 '),('23.373.402/0001-37',59290000,'RN','São Gonçalo do Amarante','São Gonçalo do Amarante','AV ENGENHEIRO ROBERTO BEZERRA FREIRE, 388 - SANTO ANTÔNIO DO POTENGÍ'),('23.380.380/0001-32',66035350,'PA','Belém','Batista Campos','AVENIDA CONSELHEIRO FURTADO, 897 TERREO LOJA'),('23.390.678/0001-23',74120130,'GO','Goiânia','Setor Oeste','R 22 N 677 QD:K-10 LT:12E SETOR OESTE'),('23.483.921/0001-58',78050000,'MT','Cuiabá','Bosque da Saúde','AV HISTORIADOR RUBENS DE MENDONÇA, 1805'),('23.724.517/0001-29',69301970,'RR','Boa Vista','Centro','ESTRADA P.A. NOVA AMAZONIA, VISCINAL 7, NR 31'),('23.797.856/0001-35',76270000,'GO','Jussara','Jussara','AV. MARECHAL RONDON SN QD. 02 LT. 02 SETOR AEROPORTO'),('23.827.769/0001-83',30120910,'MG','Belo Horizonte','Centro','AV IZABEL BUENO, 526'),('23.889.634/0001-42',57180000,'AL','Barra de São Miguel','Barra de São Miguel','R. IRAILDO SOUZA VILLELA, 86'),('24.072.732/0001-55',74435300,'GO','Goiânia','Aeroviário','AV. ANHANGUERA Nº 10790 QD. 582 LT. B1 SALA SUC 1207 1º PAVIMENTO SETOR AEROVIÁRIO'),('24.249.509/0001-30',72980000,'GO','Pirenópolis','Pirenópolis','FAZENDA CANTENDAS BR 070 A ESQUERDA 05 KM SN ZONA RURAL'),('24.341.559/0001-43',71909720,'DF','Taguatinga','Norte (Águas Claras)','R 13 NORTE LOTE 01 E 03, RUA 14 NORTE LOTE 02 E 04 '),('24.400.983/0001-11',65590000,'MA','Barreirinhas','Barreirinhas','RUA PRINCIPAL, Nº 8 - CABURÉ'),('24.660.065/0001-21',74180040,'GO','Goiânia','Setor Marista','AV 136 638 LOJA 01 SETOR MARISTA'),('24.765.861/0001-29',65590000,'MA','Barreirinhas','Barreirinhas','AVENIDA RODOVIARIA, 100 - CIDADE NOVA'),('25.023.706/0001-08',74040010,'GO','Goiânia','Setor Central','AV. ANHANGUERA, 4810 - SALA 1A - CENTRO'),('26.436.600/0001-90',70832515,'DF','Brasília','Asa Norte','Q SHCIN CL QD. 202 BLOCO D LOJA 01 '),('26.463.976/0001-94',70874520,'DF','Brasília','Asa Norte','SHCN 215 BLOCO B LOJA 21'),('26.834.523/0001-27',79301030,'MS','Corumbá','Centro','RUA 13 DE JUNHO Nº 797'),('27.475.482/0001-92',29176798,'ES','Serra','Vista da Serra II','RODOVIA BR 101, KM 256'),('31.337.298/0001-53',22220001,'RJ','Rio de Janeiro','Catete','RUA DO CATETE Nº 288 LOJAS 2 E 4'),('32.396.293/0001-64',29208030,'ES','Guarapari','Balneário de Meaípe','RUA BELO HORIZONTE, 71'),('32.621.484/0001-82',40026180,'BA','Salvador','Pelourinho','RUA DO AÇOUGUINHO, 10/1° ANDAR'),('32.942.369/0001-00',78250000,'MT','Pontes e Lacerda','Pontes e Lacerda','RUA VIRGINIA AZAMBUJA, 849, CENTRO'),('32.979.841/0001-89',78450000,'MT','Nova Mutum','Nova Mutum','AV. PERIMETRAL DAS SAMAMBAIAS, 1193, CENTRO'),('33.039.959/0001-90',20020000,'RJ','Rio de Janeiro','Centro','AV. ERASMO BRAGA, 277 - LOJA B'),('33.143.652/0001-34',79300030,'MS','Corumbá','Centro','RUA DELAMARE, 1.158 A'),('33.351.834/0001-09',76160000,'GO','Sanclerlândia','Sanclerlândia','AV 5 DE JANEIRO 416 CENTRO'),('34.642.579/0001-08',66035350,'PA','Belém','Batista Campos','AVENIDA CONSELHEIRO FURTADO, 1420'),('37.570.181/0001-00',79700000,'MS','Fátima do Sul','Fátima do Sul','RUA TENENTE ANTÔNIO JOÃO, 1855 - CENTRO'),('39.277.058/0001-12',29148100,'ES','Cariacica','Vila Capixaba','AV. CARIACICA, 14'),('39.332.770/0001-77',29060670,'ES','Vitória','Jardim da Penha','AV ANÍSIO FERNANDES COELHO LJS 8,9,12 E 13'),('39.332.770/0002-58',29055620,'ES','Vitória','Praia do Canto','RUA JOÃO DA CRUZ, 290'),('39.810.551/0001-56',29560000,'ES','Guaçuí','Guaçuí','AV: MARECHAL FLORIANO,Nº362, CENTRO'),('60.439.759/0001-05',11680000,'SP','Ubatuba','Ubatuba','AV ARMANDO DE B PEREIRA, N°: 11'),('66.542.002/0032-17',75909490,'GO','Rio Verde','RESIDENCIAL ÁGUA SANTA','AVENIDA ÁGUA SANTA S/N QD 5 LT 1-R'),('69.665.669/0001-07',64046160,'PI','Teresina','Noivos','RUA PEDRO CONDE 340 '),('70.362.835/0001-77',79002530,'MS','Campo Grande','Centro','RUA BAHIA, 1693'),('71.168.470/0001-07',35650000,'MG','Pitangui','Pitangui','RUA RAIMUNDO CARCATI, 126- NOVOLAVRADO'),('73.890.113/0001-83',79290000,'MS','Bonito','Bonito','RUA CEL PILAD DE REBUA, 1.808'),('74.383.670/0001-70',18407110,'SP','Itapeva','Jardim Maringá','AV. PAULINA DE MORAES, 1420'),('83.325.183/0001-42',68537000,'PA','Canaã dos Carajás','Canaã dos Carajás','AVENIDA WEYNE CAVALCANTE S/Nº'),('83.578.393/0001-42',68742750,'PA','Castanhal','Estrela','RUA SENADOR LEMOS, 261 '),('83.897.934/0001-03',66913430,'PA','Belém','Chapéu Virado (Mosqueiro)','AV. 16 DE NOVEMBRO, S/N.'),('84.303.908/0001-64',69923000,'AC','Bujari','Bujari','BR 364-KM.28-CENTRO'),('84.304.765/0001-05',69908020,'AC','Rio Branco','Centro','RUA FRANCO RIBEIRO,109-CENTRO'),('84.316.546/0001-46',69905526,'AC','Rio Branco','Quinze','RUA JULIO CAMILO DE OLIVEIRA-106'),('84.322.213/0002-00',69908440,'AC','Rio Branco','Base','RUA ESTADO DO ACRE-BOX.03.CENTRO-MERCADO DOS COLONOS'),('84.322.213/0003-91',69900613,'AC','Rio Branco','Bosque','AV.GETULIO VARGAS-1782-SL.03'),('84.326.388/0001-05',69901200,'AC','Rio Branco','Quinze','RUA.16 DE OUTUBRO -Nº34.QUINZE'),('89.846.489/0001-20',98590000,'RS','Santo Augusto','Santo Augusto','ROD RS155 KM 70'),('90.578.451/0001-01',90610000,'RS','Porto Alegre','Azenha','AV IPIRANGA, 6690, LOJA 64');
/*!40000 ALTER TABLE `LOCAL` ENABLE KEYS */;
UNLOCK TABLES;
/*!40103 SET TIME_ZONE=@OLD_TIME_ZONE */;

/*!40101 SET SQL_MODE=@OLD_SQL_MODE */;
/*!40014 SET FOREIGN_KEY_CHECKS=@OLD_FOREIGN_KEY_CHECKS */;
/*!40014 SET UNIQUE_CHECKS=@OLD_UNIQUE_CHECKS */;
/*!40101 SET CHARACTER_SET_CLIENT=@OLD_CHARACTER_SET_CLIENT */;
/*!40101 SET CHARACTER_SET_RESULTS=@OLD_CHARACTER_SET_RESULTS */;
/*!40101 SET COLLATION_CONNECTION=@OLD_COLLATION_CONNECTION */;
/*!40111 SET SQL_NOTES=@OLD_SQL_NOTES */;

-- Dump completed on 2016-10-31  8:30:54
